sku,base_image,small_image,thumbnail_image,swatch_image
8808737,180x102_icf.jpg,180x102_icf.jpg,180x102_icf.jpg,180x102_icf.jpg
8808738,180x102_icf.jpg,180x102_icf.jpg,180x102_icf.jpg,180x102_icf.jpg
8808741,180x102_icf.jpg,180x102_icf.jpg,180x102_icf.jpg,180x102_icf.jpg
8808742,180x102_icf.jpg,180x102_icf.jpg,180x102_icf.jpg,180x102_icf.jpg
8808761,180x102_icf.jpg,180x102_icf.jpg,180x102_icf.jpg,180x102_icf.jpg
8808762,180x102_icf.jpg,180x102_icf.jpg,180x102_icf.jpg,180x102_icf.jpg
8928135,180x102_irs-q12_standard.jpg,180x102_irs-q12_standard.jpg,180x102_irs-q12_standard.jpg,180x102_irs-q12_standard.jpg
8928136,180x102_irs-q12_flange.jpg,180x102_irs-q12_flange.jpg,180x102_irs-q12_flange.jpg,180x102_irs-q12_flange.jpg
8928137,180x102_irs-q12_standard.jpg,180x102_irs-q12_standard.jpg,180x102_irs-q12_standard.jpg,180x102_irs-q12_standard.jpg
8928138,180x102_irs-q12_flange.jpg,180x102_irs-q12_flange.jpg,180x102_irs-q12_flange.jpg,180x102_irs-q12_flange.jpg
8928139,180x102_irs-q12_standard.jpg,180x102_irs-q12_standard.jpg,180x102_irs-q12_standard.jpg,180x102_irs-q12_standard.jpg
8928140,180x102_irs-q12_flange.jpg,180x102_irs-q12_flange.jpg,180x102_irs-q12_flange.jpg,180x102_irs-q12_flange.jpg
8928141,180x102_irs-q12_standard.jpg,180x102_irs-q12_standard.jpg,180x102_irs-q12_standard.jpg,180x102_irs-q12_standard.jpg
8928142,180x102_irs-q12_flange.jpg,180x102_irs-q12_flange.jpg,180x102_irs-q12_flange.jpg,180x102_irs-q12_flange.jpg
8928143,180x102_irs-q12_standard.jpg,180x102_irs-q12_standard.jpg,180x102_irs-q12_standard.jpg,180x102_irs-q12_standard.jpg
8928144,180x102_irs-q12_flange.jpg,180x102_irs-q12_flange.jpg,180x102_irs-q12_flange.jpg,180x102_irs-q12_flange.jpg
8928145,180x102_irs-q12_standard.jpg,180x102_irs-q12_standard.jpg,180x102_irs-q12_standard.jpg,180x102_irs-q12_standard.jpg
8928146,180x102_irs-q12_flange.jpg,180x102_irs-q12_flange.jpg,180x102_irs-q12_flange.jpg,180x102_irs-q12_flange.jpg
8928147,180x102_irs-q12_standard.jpg,180x102_irs-q12_standard.jpg,180x102_irs-q12_standard.jpg,180x102_irs-q12_standard.jpg
8928148,180x102_irs-q12_flange.jpg,180x102_irs-q12_flange.jpg,180x102_irs-q12_flange.jpg,180x102_irs-q12_flange.jpg
8928149,180x102_irs-q12_standard.jpg,180x102_irs-q12_standard.jpg,180x102_irs-q12_standard.jpg,180x102_irs-q12_standard.jpg
8928150,180x102_irs-q12_flange.jpg,180x102_irs-q12_flange.jpg,180x102_irs-q12_flange.jpg,180x102_irs-q12_flange.jpg
8928151,180x102_irs-q12_standard.jpg,180x102_irs-q12_standard.jpg,180x102_irs-q12_standard.jpg,180x102_irs-q12_standard.jpg
8928152,180x102_irs-q12_flange.jpg,180x102_irs-q12_flange.jpg,180x102_irs-q12_flange.jpg,180x102_irs-q12_flange.jpg
8928153,180x102_irs-q12_flange.jpg,180x102_irs-q12_flange.jpg,180x102_irs-q12_flange.jpg,180x102_irs-q12_flange.jpg
8928154,180x102_irs-q12_flange.jpg,180x102_irs-q12_flange.jpg,180x102_irs-q12_flange.jpg,180x102_irs-q12_flange.jpg
8978800,180x102_dcm20_red.jpg,180x102_dcm20_red.jpg,180x102_dcm20_red.jpg,180x102_dcm20_red.jpg
18R104C,180x102_1800r.gif,180x102_1800r.gif,180x102_1800r.gif,180x102_1800r.gif
27T222C,180_102_2700t.jpg,180_102_2700t.jpg,180_102_2700t.jpg,180_102_2700t.jpg
27T473C,180_102_2700t.jpg,180_102_2700t.jpg,180_102_2700t.jpg,180_102_2700t.jpg
492R2SC,mps_4900sc.jpg,mps_4900sc.jpg,mps_4900sc.jpg,mps_4900sc.jpg
782100/33VC,180x102_782100vc.jpg,180x102_782100vc.jpg,180x102_782100vc.jpg,180x102_782100vc.jpg
782100/35JVC,180x102_782100jvc.jpg,180x102_782100jvc.jpg,180x102_782100jvc.jpg,180x102_782100jvc.jpg
782100/35JVC-R,180x102_782100jvc.jpg,180x102_782100jvc.jpg,180x102_782100jvc.jpg,180x102_782100jvc.jpg
782100/53VC,180x102_782100vc.jpg,180x102_782100vc.jpg,180x102_782100vc.jpg,180x102_782100vc.jpg
782100/55JVC,180x102_782100jvc.jpg,180x102_782100jvc.jpg,180x102_782100jvc.jpg,180x102_782100jvc.jpg
782100/55JVC-R,180x102_782100jvc.jpg,180x102_782100jvc.jpg,180x102_782100jvc.jpg,180x102_782100jvc.jpg
78601/1JC,180_102_786j_32.jpg,180_102_786j_32.jpg,180_102_786j_32.jpg,180_102_786j_32.jpg
MPL0039A,mpl0039.jpg,mpl0039.jpg,mpl0039.jpg,mpl0039.jpg
MPL0039B,mpl0039.jpg,mpl0039.jpg,mpl0039.jpg,mpl0039.jpg
NXJ2S2405MC,180x102_nxj2.jpg,180x102_nxj2.jpg,180x102_nxj2.jpg,180x102_nxj2.jpg
NXJ2S2415MC,180x102_nxj2.jpg,180x102_nxj2.jpg,180x102_nxj2.jpg,180x102_nxj2.jpg
SF1097A-1,sf1097a-1.jpg,sf1097a-1.jpg,sf1097a-1.jpg,sf1097a-1.jpg
SF2259H-1,sf2259h-1.jpg,sf2259h-1.jpg,sf2259h-1.jpg,sf2259h-1.jpg
SF2368E,rfm_sm3030-6.jpg,rfm_sm3030-6.jpg,rfm_sm3030-6.jpg,rfm_sm3030-6.jpg
SF2395H,rfm_sm2016-4.jpg,rfm_sm2016-4.jpg,rfm_sm2016-4.jpg,rfm_sm2016-4.jpg
