"EHS010050NHCR1C","EHS010050NHCR1C","D","0","","https://wireless.murata.com/ehs010050nhcr1c.html",""
"EHS015033NHCR1C","EHS015033NHCR1C","D","0","","https://wireless.murata.com/ehs015033nhcr1c.html",""
"EHS020012NHCR1C","EHS020012NHCR1C","D","0","","https://wireless.murata.com/ehs020012nhcr1c.html",""
"EHS020015NHBR1C","EHS020015NHBR1C","D","0","","https://wireless.murata.com/ehs020015nhbr1c.html",""
"EHS020015NHCR1C","EHS020015NHCR1C","D","0","","https://wireless.murata.com/ehs020015nhcr1c.html",""
"EHS020018NHCR1C","EHS020018NHCR1C","D","0","","https://wireless.murata.com/ehs020018nhcr1c.html",""
"EHS020025NHCR1C","EHS020025NHCR1C","D","0","","https://wireless.murata.com/ehs020025nhcr1c.html",""
"QHS012120NHAR1C","QHS012120NHAR1C","D","0","","https://wireless.murata.com/qhs012120nhar1c.html",""
"QHS012120NHBR1C","QHS012120NHBR1C","D","0","","https://wireless.murata.com/qhs012120nhbr1c.html",""
"QHS012120NHCR1C","QHS012120NHCR1C","D","0","","https://wireless.murata.com/qhs012120nhcr1c.html",""
"QHS035033NHAR1C","QHS035033NHAR1C","D","0","","https://wireless.murata.com/qhs035033nhar1c.html",""
"QHS035033NHBR1C","QHS035033NHBR1C","D","0","","https://wireless.murata.com/qhs035033nhbr1c.html",""
"QHS035033NHCR1C","QHS035033NHCR1C","D","0","","https://wireless.murata.com/qhs035033nhcr1c.html",""
"QHS040025NHAR1C","QHS040025NHAR1C","D","0","","https://wireless.murata.com/qhs040025nhar1c.html",""
"QHS040025NHBR1C","QHS040025NHBR1C","D","0","","https://wireless.murata.com/qhs040025nhbr1c.html",""
"QHS040025NHCR1C","QHS040025NHCR1C","D","0","","https://wireless.murata.com/qhs040025nhcr1c.html",""
"QHS050015NHCR1C","QHS050015NHCR1C","D","0","","https://wireless.murata.com/qhs050015nhcr1c.html",""
"QHS050018NHBR1C","QHS050018NHBR1C","D","0","","https://wireless.murata.com/qhs050018nhbr1c.html",""
"QHS050018NHCR1C","QHS050018NHCR1C","D","0","","https://wireless.murata.com/qhs050018nhcr1c.html",""
"QHS055012NHCR1C","QHS055012NHCR1C","D","0","","https://wireless.murata.com/qhs055012nhcr1c.html",""
"UWR-5/500-D5S-C","UWR-5/500-D5S-C","D","0","","https://wireless.murata.com/uwr-5-500-d5s-c.html",""
"NKE0312DC","NKE0312DC","D","0","","https://wireless.murata.com/nke0309dc-1.html",""
"NKE0315DC","NKE0315DC","D","0","","https://wireless.murata.com/nke0309dc-2.html",""
"DVQ0135V1NC","8999547","D","0","","https://wireless.murata.com/dvq0135v1nc.html",""
"DVQ0135V1PC","8999548","D","0","","https://wireless.murata.com/dvq0135v1pc.html",""
"DVQ0135V1NBC","8999549","D","0","","https://wireless.murata.com/dvq0135v1nbc.html",""
"DVQ0135V1PBC","8999550","D","0","","https://wireless.murata.com/dvq0135v1pbc.html",""
"DVQ0135V1NSC","8999551","D","0","","https://wireless.murata.com/dvq0135v1nsc.html",""
"DVQ0135V1PSC","8999552","D","0","","https://wireless.murata.com/dvq0135v1psc.html",""
"DVQ0135V1NBSC","8999553","D","0","","https://wireless.murata.com/dvq0135v1nbsc.html",""
"DVQ0135V1PBSC","8999554","D","0","","https://wireless.murata.com/dvq0135v1pbsc.html",""
"DBQ0135V1NBC","8999502","D","0","","https://wireless.murata.com/dbq0135v1nbc.html",""
"DBQ0135V1PBC","8999503","D","0","","https://wireless.murata.com/dbq0135v1pbc.html",""
"DBQ0135V1N2BC","8999504","D","0","","https://wireless.murata.com/dbq0135v1n2bc.html",""
"DBQ0135V1P2BC","8999505","D","0","","https://wireless.murata.com/dbq0135v1p2bc.html",""
"DBQ0135V1NBSC","8999506","D","0","","https://wireless.murata.com/dbq0135v1nbsc.html",""
"DBQ0135V1PBSC","8999507","D","0","","https://wireless.murata.com/dbq0135v1pbsc.html",""
"DBQ0135V1NC","8999508","D","0","","https://wireless.murata.com/dbq0135v1nc.html",""
"DBQ0135V1PC","8999509","D","0","","https://wireless.murata.com/dbq0135v1pc.html",""
"DBQ0135V1N2BSC","8999510","D","0","","https://wireless.murata.com/dbq0135v1n2bsc.html",""
"DBQ0135V1P2BSC","8999511","D","0","","https://wireless.murata.com/dbq0135v1p2bsc.html",""
"DBQ0135V1N2C","8999512","D","0","","https://wireless.murata.com/dbq0135v1n2c.html",""
"DBQ0135V1P2C","8999513","D","0","","https://wireless.murata.com/dbq0135v1p2c.html",""
"DBQ0135V1NSC","8999545","D","0","","https://wireless.murata.com/dbq0135v1nsc.html",""
"DBQ0135V1PSC","8999546","D","0","","https://wireless.murata.com/dbq0135v1psc.html",""
"HO1080-3","HO1080-3","D","0","","https://wireless.murata.com/ho1080-3.html",""
"HO1081-3","HO1081-3","D","0","","https://wireless.murata.com/ho1081-3.html",""
"HO1081-4","HO1081-4","D","0","","https://wireless.murata.com/ho1081-4.html",""
"HO1091","HO1091","D","0","","https://wireless.murata.com/ho1091.html",""
"HO4002-1","HO4002-1","D","0","","https://wireless.murata.com/ho4002-1.html",""
"HO4050B-1","HO4050B-1","D","0","","https://wireless.murata.com/ho4050b-1.html",""
"HX1080","HX1080","D","0","","https://wireless.murata.com/hx1080.html",""
"HX1081","HX1081","D","0","","https://wireless.murata.com/hx1081.html",""
"OP4004B","OP4004B","D","0","","https://wireless.murata.com/op4004b.html",""
"OP4005B","OP4005B","D","0","","https://wireless.murata.com/op4005b.html",""
"OP4005B1","OP4005B1","D","0","","https://wireless.murata.com/op4005b1.html",""
"OP4006B","OP4006B","D","0","","https://wireless.murata.com/op4006b.html",""
"OP4006B1","OP4006B1","D","0","","https://wireless.murata.com/op4006b1.html",""
"OP4007B","OP4007B","D","0","","https://wireless.murata.com/op4007b.html",""
"OP4008B","OP4008B","D","0","","https://wireless.murata.com/op4008b.html",""
"OP4009B","OP4009B","D","0","","https://wireless.murata.com/op4009b.html",""
"OP4010B","OP4010B","D","0","","https://wireless.murata.com/op4010b.html",""
"OP4011B","OP4011B","D","0","","https://wireless.murata.com/op4011b.html",""
"OP4012B","OP4012B","D","0","","https://wireless.murata.com/op4012b.html",""
"OP4013B","OP4013B","D","0","","https://wireless.murata.com/op4013b.html",""
"OP4014B","OP4014B","D","0","","https://wireless.murata.com/op4014b.html",""
"OP4015B","OP4015B","D","0","","https://wireless.murata.com/op4015b.html",""
"OP4017B","OP4017B","D","0","","https://wireless.murata.com/op4017b.html",""
"OP4017B1","OP4017B1","D","0","","https://wireless.murata.com/op4017b1.html",""
"OP4018B","OP4018B","D","0","","https://wireless.murata.com/op4018b.html",""
"OP4018B1","OP4018B1","D","0","","https://wireless.murata.com/op4018b1.html",""
"SC3011B-1","SC3011B-1","D","0","","https://wireless.murata.com/sc3011b-1.html",""
"SC3015B","SC3015B","D","0","","https://wireless.murata.com/sc3015b.html",""
"SC3017B","SC3017B","D","0","","https://wireless.murata.com/sc3017b.html",""
"SC3019B","SC3019B","D","0","","https://wireless.murata.com/sc3019b.html",""
"SC3035B-1","SC3035B-1","D","0","","https://wireless.murata.com/sc3035b-1.html",""
"SC3035B-2","SC3035B-2","D","0","","https://wireless.murata.com/sc3035b-2.html",""
"SC3037B","SC3037B","D","0","","https://wireless.murata.com/sc3037b.html",""
"SC3038B","SC3038B","D","0","","https://wireless.murata.com/sc3038b.html",""
"SC3040B","SC3040B","D","0","","https://wireless.murata.com/sc3040b.html",""
"SC3041B","SC3041B","D","0","","https://wireless.murata.com/sc3041b.html",""
"SC3042B","SC3042B","D","0","","https://wireless.murata.com/sc3042b.html",""
"SC3044B","SC3044B","D","0","","https://wireless.murata.com/sc3044b.html",""
"SC3045B","SC3045B","D","0","","https://wireless.murata.com/sc3045b.html",""
"SC3046B-5","SC3046B-5","D","0","","https://wireless.murata.com/sc3046b-5.html",""
"SC3048B","SC3048B","D","0","","https://wireless.murata.com/sc3048b.html",""
"SC3049B","SC3049B","D","0","","https://wireless.murata.com/sc3049b.html",""
"SC3053B","SC3053B","D","0","","https://wireless.murata.com/sc3053b.html",""
"SC3056B","SC3056B","D","0","","https://wireless.murata.com/sc3056b.html",""
"Type YDD for Ayla IoT Cloud software","LBWB1ZZYDZ-BTEMP-AYLAKIT","B","0","","https://wireless.murata.com/ayla-dk.html",""
"DR1200A-DK","DR1200A-DK","D","0","","https://wireless.murata.com/dr1200a-dk.html",""
"DR1200-DK","DR1200-DK","D","0","","https://wireless.murata.com/dr1200-dk.html",""
"DR1201A-DK","DR1201A-DK","D","0","","https://wireless.murata.com/dr1201a-dk.html",""
"DR1201-DK","DR1201-DK","D","0","","https://wireless.murata.com/dr1201-dk.html",""
"DR1300A-DK","DR1300A-DK","D","0","","https://wireless.murata.com/dr1300a-dk.html",""
"DR1300-DK","DR1300-DK","D","0","","https://wireless.murata.com/dr1300-dk.html",""
"DR2000-DK","DR2000-DK","D","0","","https://wireless.murata.com/dr2000-dk.html",""
"DR3000","DR3000","D","0","","https://wireless.murata.com/dr3000.html",""
"DR3000-1","DR3000-1","D","0","","https://wireless.murata.com/dr3000-1.html",""
"DR3001","DR3001","D","0","","https://wireless.murata.com/dr3001.html",""
"DR3100","DR3100","D","0","","https://wireless.murata.com/dr3100.html",""
"DR3100-1","DR3100-1","D","0","","https://wireless.murata.com/dr3100-1.html",""
"DR3101","DR3101","D","0","","https://wireless.murata.com/dr3101.html",""
"DR3300","DR3300","D","0","","https://wireless.murata.com/dr3300.html",""
"DR4000","DR4000","D","0","","https://wireless.murata.com/dr4000.html",""
"DR4001","DR4001","D","0","","https://wireless.murata.com/dr4001.html",""
"DR4100","DR4100","D","0","","https://wireless.murata.com/dr4100.html",""
"DR4101","DR4101","D","0","","https://wireless.murata.com/dr4101.html",""
"DR4103","DR4103","D","0","","https://wireless.murata.com/dr4103.html",""
"DR5000","DR5000","D","0","","https://wireless.murata.com/dr5000.html",""
"DR5001","DR5001","D","0","","https://wireless.murata.com/dr5001.html",""
"DR5100","DR5100","D","0","","https://wireless.murata.com/dr5100.html",""
"DR5101","DR5101","D","0","","https://wireless.murata.com/dr5101.html",""
"DR5103","DR5103","D","0","","https://wireless.murata.com/dr5103.html",""
"DR7000","DR7000","D","0","","https://wireless.murata.com/dr7000.html",""
"DR7000-EV","DR7000-EV","D","0","","https://wireless.murata.com/dr7000-ev.html",""
"DR7001","DR7001","D","0","","https://wireless.murata.com/dr7001.html",""
"DR7001-DK","DR7001-DK","D","0","","https://wireless.murata.com/dr7001-dk.html",""
"DR7001-EV","DR7001-EV","D","0","","https://wireless.murata.com/dr7001-ev.html",""
"DR7002-DK","DR7002-DK","D","0","","https://wireless.murata.com/dr7002-dk.html",""
"DR7003","DR7003","D","0","","https://wireless.murata.com/dr7003.html",""
"DR7003-DK","DR7003-DK","D","0","","https://wireless.murata.com/dr7003-dk.html",""
"DR7003-EV","DR7003-EV","D","0","","https://wireless.murata.com/dr7003-ev.html",""
"DR8000","DR8000","D","0","","https://wireless.murata.com/dr8000.html",""
"DR8000-DK","DR8000-DK","D","0","","https://wireless.murata.com/dr8000-dk.html",""
"DR8000-EV","DR8000-EV","D","0","","https://wireless.murata.com/dr8000-ev.html",""
"DR8001","DR8001","D","0","","https://wireless.murata.com/dr8001.html",""
"DR8001-DK","DR8001-DK","D","0","","https://wireless.murata.com/dr8001-dk.html",""
"DR8001-EV","DR8001-EV","D","0","","https://wireless.murata.com/dr8001-ev.html",""
"DR8100","DR8100","D","0","","https://wireless.murata.com/dr8100.html",""
"DR8100-DK","DR8100-DK","D","0","","https://wireless.murata.com/dr8100-dk.html",""
"DR8100-EV","DR8100-EV","D","0","","https://wireless.murata.com/dr8100-ev.html",""
"DR-TRC103-868-DK","DR-TRC103-868-DK","B","0","","https://wireless.murata.com/dr-trc103-868-dk.html",""
"DR-TRC103-868-EV","DR-TRC103-868-EV","B","0","","https://wireless.murata.com/dr-trc103-868-ev.html",""
"DR-TRC103-915-DK","DR-TRC103-915-DK","B","0","","https://wireless.murata.com/dr-trc103-915-dk.html",""
"DR-TRC103-915-EV","DR-TRC103-915-EV","B","0","","https://wireless.murata.com/dr-trc103-915-ev.html",""
"DR-TRC103-950-DK","DR-TRC103-950-DK","B","0","","https://wireless.murata.com/dr-trc103-950-dk.html",""
"DR-TRC103-950-EV","DR-TRC103-950-EV","B","0","","https://wireless.murata.com/dr-trc103-950-ev.html",""
"DR-TRC104-2400-DK","DR-TRC104-2400-DK","D","0","","https://wireless.murata.com/dr-trc104-2400-dk.html",""
"DR-TRC104-2400-EV","DR-TRC104-2400-EV","D","0","","https://wireless.murata.com/dr-trc104-2400-ev.html",""
"DR-TRC105-304-DK","DR-TRC105-304-DK","D","0","","https://wireless.murata.com/dr-trc105-304-dk.html",""
"DR-TRC105-304-EV","DR-TRC105-304-EV","D","0","","https://wireless.murata.com/dr-trc105-304-ev.html",""
"DR-TRC105-315-DK","DR-TRC105-315-DK","D","0","","https://wireless.murata.com/dr-trc105-315-dk.html",""
"DR-TRC105-315-EV","DR-TRC105-315-EV","D","0","","https://wireless.murata.com/dr-trc105-315-ev.html",""
"DR-TRC105-345-DK","DR-TRC105-345-DK","D","0","","https://wireless.murata.com/dr-trc105-345-dk.html",""
"DR-TRC105-345-EV","DR-TRC105-345-EV","D","0","","https://wireless.murata.com/dr-trc105-345-ev.html",""
"DR-TRC105-372-DK","DR-TRC105-372-DK","D","0","","https://wireless.murata.com/dr-trc105-372-dk.html",""
"DR-TRC105-372-EV","DR-TRC105-372-EV","D","0","","https://wireless.murata.com/dr-trc105-372-ev.html",""
"DR-TRC105-390-DK","DR-TRC105-390-DK","D","0","","https://wireless.murata.com/dr-trc105-390-dk.html",""
"DR-TRC105-390-EV","DR-TRC105-390-EV","D","0","","https://wireless.murata.com/dr-trc105-390-ev.html",""
"DR-TRC105-403-DK","DR-TRC105-403-DK","D","0","","https://wireless.murata.com/dr-trc105-403-dk.html",""
"DR-TRC105-403-EV","DR-TRC105-403-EV","D","0","","https://wireless.murata.com/dr-trc105-403-ev.html",""
"DR-TRC105-434-DK","DR-TRC105-434-DK","D","0","","https://wireless.murata.com/dr-trc105-434-dk.html",""
"DR-TRC105-434-EV","DR-TRC105-434-EV","D","0","","https://wireless.murata.com/dr-trc105-434-ev.html",""
"DR-TRC105-450-DK","DR-TRC105-450-DK","D","0","","https://wireless.murata.com/dr-trc105-450-dk.html",""
"DR-TRC105-450-EV","DR-TRC105-450-EV","D","0","","https://wireless.murata.com/dr-trc105-450-ev.html",""
"DR-TXC100-315","DR-TXC100-315","D","0","","https://wireless.murata.com/dr-txc100-315.html",""
"DR-TXC100-433","DR-TXC100-433","D","0","","https://wireless.murata.com/dr-txc100-433.html",""
"LG2430E","LG2430E","D","0","","https://wireless.murata.com/lg2430e.html",""
"LG24C","LG24C","B","0","","https://wireless.murata.com/lg24c.html",""
"LG24E","LG24E","B","0","","https://wireless.murata.com/lg24e.html",""
"LG90C","LG90C","D","0","","https://wireless.murata.com/lg90c.html",""
"LG90E","LG90E","D","0","","https://wireless.murata.com/lg90e.html",""
"PX1002","PX1002","B","0","","https://wireless.murata.com/px1002.html",""
"PX1004","PX1004","B","0","","https://wireless.murata.com/px1004.html",""
"PX1004-1","PX1004-1","B","0","","https://wireless.murata.com/px1004-1.html",""
"RF1171","RF1171","D","0","","https://wireless.murata.com/rf1171.html",""
"RF1172C","RF1172C","B","0","","https://wireless.murata.com/rf1172c.html",""
"RF1172D","RF1172D","D","0","","https://wireless.murata.com/rf1172d.html",""
"RF1199","RF1199","D","0","","https://wireless.murata.com/rf1199.html",""
"RF1211","RF1211","B","0","","https://wireless.murata.com/rf1211.html",""
"RF1211C","RF1211C","B","0","","https://wireless.murata.com/rf1211c.html",""
"RF1211D","RF1211D","B","0","","https://wireless.murata.com/rf1211d.html",""
"RF1238","RF1238","B","0","","https://wireless.murata.com/rf1238.html",""
"RF1284","RF1284","B","0","","https://wireless.murata.com/rf1284.html",""
"RF1295C","RF1295C","B","0","","https://wireless.murata.com/rf1295c.html",""
"RF1353C","RF1353C","B","0","","https://wireless.murata.com/rf1353c.html",""
"RF1353D","RF1353D","B","0","","https://wireless.murata.com/rf1353d.html",""
"RF1391C","RF1391C","B","0","","https://wireless.murata.com/rf1391c.html",""
"RF1396C","RF1396C","B","0","","https://wireless.murata.com/rf1396c.html",""
"RF1400D","RF1400D","B","0","","https://wireless.murata.com/rf1400d.html",""
"RF1401D","RF1401D","B","0","","https://wireless.murata.com/rf1401d.html",""
"RF1402D","RF1402D","B","0","","https://wireless.murata.com/rf1402d.html",""
"RF1404C","RF1404C","B","0","","https://wireless.murata.com/rf1404c.html",""
"RF1407D","RF1407D","B","0","","https://wireless.murata.com/rf1407d.html",""
"RF1408D","RF1408D","B","0","","https://wireless.murata.com/rf1408d.html",""
"RF1411D","RF1411D","B","0","","https://wireless.murata.com/rf1411d.html",""
"RF1414D","RF1414D","B","0","","https://wireless.murata.com/rf1414d.html",""
"RF1417D","RF1417D","B","0","","https://wireless.murata.com/rf1417d.html",""
"RF1419D","RF1419D","B","0","","https://wireless.murata.com/rf1419d.html",""
"RF1432C","RF1432C","B","0","","https://wireless.murata.com/rf1432c.html",""
"RF2040E","RF2040E","B","0","","https://wireless.murata.com/rf2040e.html",""
"RF3171","RF3171","B","0","","https://wireless.murata.com/rf3171.html",""
"RF3171D","RF3171D","B","0","","https://wireless.murata.com/rf3171d.html",""
"RF3181","RF3181","B","0","","https://wireless.murata.com/rf3181.html",""
"RF3181D","RF3181D","B","0","","https://wireless.murata.com/rf3181d.html",""
"RF3181E","RF3181E","B","0","","https://wireless.murata.com/rf3181e.html",""
"RF3210","RF3210","B","0","","https://wireless.murata.com/rf3210.html",""
"RF3210D","RF3210D","B","0","","https://wireless.murata.com/rf3210d.html",""
"RF3319D","RF3319D","B","0","","https://wireless.murata.com/rf3319d.html",""
"RF3319E","RF3319E","B","0","","https://wireless.murata.com/rf3319e.html",""
"RF3336","RF3336","B","0","","https://wireless.murata.com/rf3336.html",""
"RF3336C","RF3336C","B","0","","https://wireless.murata.com/rf3336c.html",""
"RF3336D","RF3336D","B","0","","https://wireless.murata.com/rf3336d.html",""
"RF3336E","RF3336E","B","0","","https://wireless.murata.com/rf3336e.html",""
"RF3355C","RF3355C","B","0","","https://wireless.murata.com/rf3355c.html",""
"RF3391D","RF3391D","B","0","","https://wireless.murata.com/rf3391d.html",""
"RF3404","RF3404","B","0","","https://wireless.murata.com/rf3404.html",""
"RF3404D","RF3404D","B","0","","https://wireless.murata.com/rf3404d.html",""
"RF3404E","RF3404E","B","0","","https://wireless.murata.com/rf3404e.html",""
"RF3414E","RF3414E","B","0","","https://wireless.murata.com/rf3414e.html",""
"RF3417","RF3417","B","0","","https://wireless.murata.com/rf3417.html",""
"RF3417D","RF3417D","B","0","","https://wireless.murata.com/rf3417d.html",""
"RF3417E","RF3417E","B","0","","https://wireless.murata.com/rf3417e.html",""
"RF3446E","RF3446E","B","0","","https://wireless.murata.com/rf3446e.html",""
"RF3501E","RF3501E","B","0","","https://wireless.murata.com/rf3501e.html",""
"RF3600E","RF3600E","D","0","","https://wireless.murata.com/rf3600e.html",""
"RF3601E","RF3601E","B","0","","https://wireless.murata.com/rf3601e.html",""
"RF3602D","RF3602D","B","0","","https://wireless.murata.com/rf3602d.html",""
"RF3603D","RF3603D","B","0","","https://wireless.murata.com/rf3603d.html",""
"RF3604D","RF3604D","B","0","","https://wireless.murata.com/rf3604d.html",""
"RF3605D","RF3605D","B","0","","https://wireless.murata.com/rf3605d.html",""
"RF3606D","RF3606D","B","0","","https://wireless.murata.com/rf3606d.html",""
"RF3607D","RF3607D","B","0","","https://wireless.murata.com/rf3607d.html",""
"RF3608D","RF3608D","B","0","","https://wireless.murata.com/rf3608d.html",""
"RF3609D","RF3609D","B","0","","https://wireless.murata.com/rf3609d.html",""
"RF3613E","RF3613E","D","0","","https://wireless.murata.com/rf3613e.html",""
"RF3619D","RF3619D","B","0","","https://wireless.murata.com/rf3619d.html",""
"RF3620E","RF3620E","B","0","","https://wireless.murata.com/rf3620e.html",""
"RF3700D","RF3700D","D","0","","https://wireless.murata.com/rf3700d.html",""
"RF3701E","RF3701E","D","0","","https://wireless.murata.com/rf3701e.html",""
"RF3702D","RF3702D","B","0","","https://wireless.murata.com/rf3702d.html",""
"RO2043","RO2043","D","0","","https://wireless.murata.com/ro2043.html",""
"RO2044","RO2044","D","0","","https://wireless.murata.com/ro2044.html",""
"RO2100","RO2100","D","0","","https://wireless.murata.com/ro2100.html",""
"RO2131D","RO2131D","B","0","","https://wireless.murata.com/ro2131d.html",""
"RO3023","RO3023","D","0","","https://wireless.murata.com/ro3023.html",""
"RO3030A-1","RO3030A-1","D","0","","https://wireless.murata.com/ro3030a-1.html",""
"RO3053A-1","RO3053A-1","D","0","","https://wireless.murata.com/ro3053a-1.html",""
"RO3073","RO3073","B","0","","https://wireless.murata.com/ro3073.html",""
"RO3073A","RO3073A","B","0","","https://wireless.murata.com/ro3073a.html",""
"RO3073A-1","RO3073A-1","B","0","","https://wireless.murata.com/ro3073a-1.html",""
"RO3073A-11","RO3073A-11","B","0","","https://wireless.murata.com/ro3073a-11.html",""
"RO3073A-5","RO3073A-5","D","0","","https://wireless.murata.com/ro3073a-5.html",""
"RO3073A-6","RO3073A-6","B","0","","https://wireless.murata.com/ro3073a-6.html",""
"RO3073C","RO3073C","D","0","","https://wireless.murata.com/ro3073c.html",""
"RO3073D","RO3073D","B","0","","https://wireless.murata.com/ro3073d.html",""
"RO3073E","RO3073E","B","0","","https://wireless.murata.com/ro3073e.html",""
"RO3073E-1","RO3073E-1","B","0","","https://wireless.murata.com/ro3073e-1.html",""
"RO3073E-11","RO3073E-11","B","0","","https://wireless.murata.com/ro3073e-11.html",""
"RO3075","RO3075","D","0","","https://wireless.murata.com/ro3075.html",""
"RO3075A","RO3075A","D","0","","https://wireless.murata.com/ro3075a.html",""
"RO3075E","RO3075E","B","0","","https://wireless.murata.com/ro3075e.html",""
"RO3101","RO3101","B","0","","https://wireless.murata.com/ro3101.html",""
"RO3101A","RO3101A","B","0","","https://wireless.murata.com/ro3101a.html",""
"RO3101A-1","RO3101A-1","B","0","","https://wireless.murata.com/ro3101a-1.html",""
"RO3101A-11","RO3101A-11","B","0","","https://wireless.murata.com/ro3101a-11.html",""
"RO3101A-21","RO3101A-21","D","0","","https://wireless.murata.com/ro3101a-21.html",""
"RO3101C","RO3101C","B","0","","https://wireless.murata.com/ro3101c.html",""
"RO3101C-11","RO3101C-11","B","0","","https://wireless.murata.com/ro3101c-11.html",""
"RO3101D","RO3101D","B","0","","https://wireless.murata.com/ro3101d.html",""
"RO3101E","RO3101E","B","0","","https://wireless.murata.com/ro3101e.html",""
"RO3101E-1","RO3101E-1","B","0","","https://wireless.murata.com/ro3101e-1.html",""
"RO3101E-11","RO3101E-11","B","0","","https://wireless.murata.com/ro3101e-11.html",""
"RO3102","RO3102","D","0","","https://wireless.murata.com/ro3102.html",""
"RO3102A","RO3102A","D","0","","https://wireless.murata.com/ro3102a.html",""
"RO3102A-1","RO3102A-1","D","0","","https://wireless.murata.com/ro3102a-1.html",""
"RO3103","RO3103","D","0","","https://wireless.murata.com/ro3103.html",""
"RO3103A","RO3103A","B","0","","https://wireless.murata.com/ro3103a.html",""
"RO3103D","RO3103D","B","0","","https://wireless.murata.com/ro3103d.html",""
"RO3103E","RO3103E","B","0","","https://wireless.murata.com/ro3103e.html",""
"RO3104","RO3104","D","0","","https://wireless.murata.com/ro3104.html",""
"RO3104A","RO3104A","B","0","","https://wireless.murata.com/ro3104a.html",""
"RO3104C","RO3104C","B","0","","https://wireless.murata.com/ro3104c.html",""
"RO3104D","RO3104D","B","0","","https://wireless.murata.com/ro3104d.html",""
"RO3104E","RO3104E","B","0","","https://wireless.murata.com/ro3104e.html",""
"RO3112","RO3112","D","0","","https://wireless.murata.com/ro3112.html",""
"RO3112A","RO3112A","B","0","","https://wireless.murata.com/ro3112a.html",""
"RO3112C","RO3112C","B","0","","https://wireless.murata.com/ro3112c.html",""
"RO3112D","RO3112D","B","0","","https://wireless.murata.com/ro3112d.html",""
"RO3112E","RO3112E","B","0","","https://wireless.murata.com/ro3112e.html",""
"RO3113","RO3113","D","0","","https://wireless.murata.com/ro3113.html",""
"RO3113A","RO3113A","D","0","","https://wireless.murata.com/ro3113a.html",""
"RO3115","RO3115","D","0","","https://wireless.murata.com/ro3115.html",""
"RO3115A","RO3115A","D","0","","https://wireless.murata.com/ro3115a.html",""
"RO3116","RO3116","D","0","","https://wireless.murata.com/ro3116.html",""
"RO3116A","RO3116A","D","0","","https://wireless.murata.com/ro3116a.html",""
"RO3118","RO3118","B","0","","https://wireless.murata.com/ro3118.html",""
"RO3118A","RO3118A","B","0","","https://wireless.murata.com/ro3118a.html",""
"RO3118A-1","RO3118A-1","B","0","","https://wireless.murata.com/ro3118a-1.html",""
"RO3118D","RO3118D","B","0","","https://wireless.murata.com/ro3118d.html",""
"RO3118E","RO3118E","B","0","","https://wireless.murata.com/ro3118e.html",""
"RO3119A","RO3119A","D","0","","https://wireless.murata.com/ro3119a.html",""
"RO3120A","RO3120A","D","0","","https://wireless.murata.com/ro3120a.html",""
"RO3120C","RO3120C","B","0","","https://wireless.murata.com/ro3120c.html",""
"RO3122A","RO3122A","D","0","","https://wireless.murata.com/ro3122a.html",""
"RO3123A","RO3123A","D","0","","https://wireless.murata.com/ro3123a.html",""
"RO3125A","RO3125A","D","0","","https://wireless.murata.com/ro3125a.html",""
"RO3125A-2","RO3125A-2","D","0","","https://wireless.murata.com/ro3125a-2.html",""
"RO3131A","RO3131A","D","0","","https://wireless.murata.com/ro3131a.html",""
"RO3132A","RO3132A","B","0","","https://wireless.murata.com/ro3132a.html",""
"RO3134A","RO3134A","D","0","","https://wireless.murata.com/ro3134a.html",""
"RO3135A","RO3135A","D","0","","https://wireless.murata.com/ro3135a.html",""
"RO3138A","RO3138A","D","0","","https://wireless.murata.com/ro3138a.html",""
"RO3143A","RO3143A","D","0","","https://wireless.murata.com/ro3143a.html",""
"RO3144","RO3144","B","0","","https://wireless.murata.com/ro3144.html",""
"RO3144A","RO3144A","B","0","","https://wireless.murata.com/ro3144a.html",""
"RO3144A-1","RO3144A-1","B","0","","https://wireless.murata.com/ro3144a-1.html",""
"RO3144A-2","RO3144A-2","D","0","","https://wireless.murata.com/ro3144a-2.html",""
"RO3144C","RO3144C","D","0","","https://wireless.murata.com/ro3144c.html",""
"RO3144C-1","RO3144C-1","B","0","","https://wireless.murata.com/ro3144c-1.html",""
"RO3144C-2","RO3144C-2","B","0","","https://wireless.murata.com/ro3144c-2.html",""
"RO3144D","RO3144D","B","0","","https://wireless.murata.com/ro3144d.html",""
"RO3144D-1","RO3144D-1","B","0","","https://wireless.murata.com/ro3144d-1.html",""
"RO3144D-2","RO3144D-2","B","0","","https://wireless.murata.com/ro3144d-2.html",""
"RO3144E","RO3144E","B","0","","https://wireless.murata.com/ro3144e.html",""
"RO3144E-1","RO3144E-1","B","0","","https://wireless.murata.com/ro3144e-1.html",""
"RO3144E-2","RO3144E-2","B","0","","https://wireless.murata.com/ro3144e-2.html",""
"RO3150A","RO3150A","D","0","","https://wireless.murata.com/ro3150a.html",""
"RO3150E","RO3150E","B","0","","https://wireless.murata.com/ro3150e.html",""
"RO3156A","RO3156A","B","0","","https://wireless.murata.com/ro3156a.html",""
"RO3156A-1","RO3156A-1","B","0","","https://wireless.murata.com/ro3156a-1.html",""
"RO3156A-2","RO3156A-2","B","0","","https://wireless.murata.com/ro3156a-2.html",""
"RO3156A-3","RO3156A-3","D","0","","https://wireless.murata.com/ro3156a-3.html",""
"RO3156D","RO3156D","B","0","","https://wireless.murata.com/ro3156d.html",""
"RO3156D-1","RO3156D-1","B","0","","https://wireless.murata.com/ro3156d-1.html",""
"RO3156D-2","RO3156D-2","B","0","","https://wireless.murata.com/ro3156d-2.html",""
"RO3156E","RO3156E","B","0","","https://wireless.murata.com/ro3156e.html",""
"RO3156E-1","RO3156E-1","B","0","","https://wireless.murata.com/ro3156e-1.html",""
"RO3156E-2","RO3156E-2","B","0","","https://wireless.murata.com/ro3156e-2.html",""
"RO3156E-3","RO3156E-3","B","0","","https://wireless.murata.com/ro3156e-3.html",""
"RO3164","RO3164","B","0","","https://wireless.murata.com/ro3164.html",""
"RO3164A","RO3164A","B","0","","https://wireless.murata.com/ro3164a.html",""
"RO3164A-1","RO3164A-1","B","0","","https://wireless.murata.com/ro3164a-1.html",""
"RO3164A-2","RO3164A-2","D","0","","https://wireless.murata.com/ro3164a-2.html",""
"RO3164A-3","RO3164A-3","D","0","","https://wireless.murata.com/ro3164a-3.html",""
"RO3164D","RO3164D","B","0","","https://wireless.murata.com/ro3164d.html",""
"RO3164D-1","RO3164D-1","B","0","","https://wireless.murata.com/ro3164d-1.html",""
"RO3164D-2","RO3164D-2","B","0","","https://wireless.murata.com/ro3164d-2.html",""
"RO3164D-3","RO3164D-3","D","0","","https://wireless.murata.com/ro3164d-3.html",""
"RO3164E","RO3164E","B","0","","https://wireless.murata.com/ro3164e.html",""
"RO3164E-1","RO3164E-1","B","0","","https://wireless.murata.com/ro3164e-1.html",""
"RO3164E-2","RO3164E-2","D","0","","https://wireless.murata.com/ro3164e-2.html",""
"RO3164E-3","RO3164E-3","B","0","","https://wireless.murata.com/ro3164e-3.html",""
"RO3188A","RO3188A","D","0","","https://wireless.murata.com/ro3188a.html",""
"RO3193A","RO3193A","D","0","","https://wireless.murata.com/ro3193a.html",""
"RO3300E","RO3300E","B","0","","https://wireless.murata.com/ro3300e.html",""
"RO3302A","RO3302A","D","0","","https://wireless.murata.com/ro3302a.html",""
"RP1053-2","RP1053-2","D","0","","https://wireless.murata.com/rp1053-2.html",""
"RP1104","RP1104","D","0","","https://wireless.murata.com/rp1104.html",""
"RP1105","RP1105","D","0","","https://wireless.murata.com/rp1105.html",""
"RP1236-1","RP1236-1","D","0","","https://wireless.murata.com/rp1236-1.html",""
"RP1298","RP1298","D","0","","https://wireless.murata.com/rp1298.html",""
"RP1298-2","RP1298-2","D","0","","https://wireless.murata.com/rp1298-2.html",""
"RP1308","RP1308","D","0","","https://wireless.murata.com/rp1308.html",""
"RX5000","RX5000","D","0","","https://wireless.murata.com/rx5000.html",""
"RX5000H","RX5000H","D","0","","https://wireless.murata.com/rx5000h.html",""
"RX5001","RX5001","D","0","","https://wireless.murata.com/rx5001.html",""
"RX5002","RX5002","D","0","","https://wireless.murata.com/rx5002.html",""
"RX5003","RX5003","D","0","","https://wireless.murata.com/rx5003.html",""
"RX5005H","RX5005H","D","0","","https://wireless.murata.com/rx5005h.html",""
"RX5500","RX5500","D","0","","https://wireless.murata.com/rx5500.html",""
"RX5501","RX5501","D","0","","https://wireless.murata.com/rx5501.html",""
"RX5502H","RX5502H","D","0","","https://wireless.murata.com/rx5502h.html",""
"RX6000","RX6000","D","0","","https://wireless.murata.com/rx6000.html",""
"RX6001","RX6001","D","0","","https://wireless.murata.com/rx6001.html",""
"RX6004","RX6004","D","0","","https://wireless.murata.com/rx6004.html",""
"RX6501","RX6501","D","0","","https://wireless.murata.com/rx6501.html",""
"SF1056A","SF1056A","C","0","","https://wireless.murata.com/sf1056a.html",""
"SF1056B","SF1056B","C","0","","https://wireless.murata.com/sf1056b.html",""
"SF1059A","SF1059A","B","0","","https://wireless.murata.com/sf1059a.html",""
"SF1080A","SF1080A","D","0","","https://wireless.murata.com/sf1080a.html",""
"SF1081A","SF1081A","D","0","","https://wireless.murata.com/sf1081a.html",""
"SF1081A-1","SF1081A-1","B","0","","https://wireless.murata.com/sf1081a-1.html",""
"SF1088A","SF1088A","B","0","","https://wireless.murata.com/sf1088a.html",""
"SF1091A","SF1091A","B","0","","https://wireless.murata.com/sf1091a.html",""
"SF1092A","SF1092A","B","0","","https://wireless.murata.com/sf1092a.html",""
"SF1111A","SF1111A","D","0","","https://wireless.murata.com/sf1111a.html",""
"SF1115A","SF1115A","B","0","","https://wireless.murata.com/sf1115a.html",""
"SF1120B","SF1120B","D","0","","https://wireless.murata.com/sf1120b.html",""
"SF1120B_1","SF1120B_1","D","0","","https://wireless.murata.com/sf1120b-1.html",""
"SF1131B","SF1131B","D","0","","https://wireless.murata.com/sf1131b.html",""
"SF1140B","SF1140B","B","0","","https://wireless.murata.com/sf1140b.html",""
"SF1140B-2","SF1140B-2","B","0","","https://wireless.murata.com/sf1140b-2.html",""
"SF1141B","SF1141B","B","0","","https://wireless.murata.com/sf1141b.html",""
"SF1141B-2","SF1141B-2","C","0","","https://wireless.murata.com/sf1141b-2.html",""
"SF1141B-4","SF1141B-4","B","0","","https://wireless.murata.com/sf1141b-4.html",""
"SF1142B","SF1142B","B","0","","https://wireless.murata.com/sf1142b.html",""
"SF1143B","SF1143B","D","0","","https://wireless.murata.com/sf1143b.html",""
"SF1143B-1","SF1143B-1","B","0","","https://wireless.murata.com/sf1143b-1.html",""
"SF1143B-2","SF1143B-2","D","0","","https://wireless.murata.com/sf1143b-2.html",""
"SF1143B-4","SF1143B-4","B","0","","https://wireless.murata.com/sf1143b-4.html",""
"SF1145B","SF1145B","B","0","","https://wireless.murata.com/sf1145b.html",""
"SF1146B","SF1146B","B","0","","https://wireless.murata.com/sf1146b.html",""
"SF1174B","SF1174B","B","0","","https://wireless.murata.com/sf1174b.html",""
"SF1174D","SF1174D","B","0","","https://wireless.murata.com/sf1174d.html",""
"SF1177A","SF1177A","D","0","","https://wireless.murata.com/sf1177a.html",""
"SF1182B","SF1182B","B","0","","https://wireless.murata.com/sf1182b.html",""
"SF1183B","SF1183B","D","0","","https://wireless.murata.com/sf1183b.html",""
"SF1183E","SF1183E","B","0","","https://wireless.murata.com/sf1183e.html",""
"SF1183G","SF1183G","D","0","","https://wireless.murata.com/sf1183g.html",""
"SF1184B-1","SF1184B-1","B","0","","https://wireless.murata.com/sf1184b-1.html",""
"SF1186B-2","SF1186B-2","B","0","","https://wireless.murata.com/sf1186b-2.html",""
"SF1186B-3","SF1186B-3","B","0","","https://wireless.murata.com/sf1186b-3.html",""
"SF1186B-4","SF1186B-4","D","0","","https://wireless.murata.com/sf1186b-4.html",""
"SF1186E-1","SF1186E-1","D","0","","https://wireless.murata.com/sf1186e-1.html",""
"SF1186E-2","SF1186E-2","B","0","","https://wireless.murata.com/sf1186e-2.html",""
"SF1186G","SF1186G","B","0","","https://wireless.murata.com/sf1186g.html",""
"SF1186G-2","SF1186G-2","D","0","","https://wireless.murata.com/sf1186g-2.html",""
"SF1186H","SF1186H","D","0","","https://wireless.murata.com/sf1186h.html",""
"SF1186H-2","SF1186H-2","B","0","","https://wireless.murata.com/sf1186h-2.html",""
"SF1186H-3","SF1186H-3","B","0","","https://wireless.murata.com/sf1186h-3.html",""
"SF1188C","SF1188C","D","0","","https://wireless.murata.com/sf1188c.html",""
"SF1189B","SF1189B","D","0","","https://wireless.murata.com/sf1189b.html",""
"SF1189B-1","SF1189B-1","B","0","","https://wireless.murata.com/sf1189b-1.html",""
"SF1192B","SF1192B","B","0","","https://wireless.murata.com/sf1192b.html",""
"SF1194A","SF1194A","D","0","","https://wireless.murata.com/sf1194a.html",""
"SF1197B","SF1197B","D","0","","https://wireless.murata.com/sf1197b.html",""
"SF1200B","SF1200B","D","0","","https://wireless.murata.com/sf1200b.html",""
"SF1201D","SF1201D","D","0","","https://wireless.murata.com/sf1201d.html",""
"SF1202D","SF1202D","D","0","","https://wireless.murata.com/sf1202d.html",""
"SF1207D","SF1207D","D","0","","https://wireless.murata.com/sf1207d.html",""
"SF1212D","SF1212D","D","0","","https://wireless.murata.com/sf1212d.html",""
"SF1213D","SF1213D","D","0","","https://wireless.murata.com/sf1213d.html",""
"SF1214D","SF1214D","D","0","","https://wireless.murata.com/sf1214d.html",""
"SF1215D","SF1215D","D","0","","https://wireless.murata.com/sf1215d.html",""
"SF1216D","SF1216D","D","0","","https://wireless.murata.com/sf1216d.html",""
"SF1217D","SF1217D","D","0","","https://wireless.murata.com/sf1217d.html",""
"SF1218D","SF1218D","D","0","","https://wireless.murata.com/sf1218d.html",""
"SF1219E","SF1219E","A","0","","https://wireless.murata.com/sf1219e.html",""
"SF1219E-1","SF1219E-1","A","0","","https://wireless.murata.com/sf1219e-1.html",""
"SF1220G","SF1220G","B","0","","https://wireless.murata.com/sf1220g.html",""
"SF1222D","SF1222D","D","0","","https://wireless.murata.com/sf1222d.html",""
"SF1223D","SF1223D","D","0","","https://wireless.murata.com/sf1223d.html",""
"SF2001E","SF2001E","B","0","","https://wireless.murata.com/sf2001e.html",""
"SF2002B-2","SF2002B-2","B","0","","https://wireless.murata.com/sf2002b-2.html",""
"SF2002E","SF2002E","B","0","","https://wireless.murata.com/sf2002e.html",""
"SF2005B-1","SF2005B-1","D","0","","https://wireless.murata.com/sf2005b-1.html",""
"SF2006C","SF2006C","D","0","","https://wireless.murata.com/sf2006c.html",""
"SF2008D","SF2008D","B","0","","https://wireless.murata.com/sf2008d.html",""
"SF2017D","SF2017D","B","0","","https://wireless.murata.com/sf2017d.html",""
"SF2017E","SF2017E","B","0","","https://wireless.murata.com/sf2017e.html",""
"SF2021B","SF2021B","D","0","","https://wireless.murata.com/sf2021b.html",""
"SF2024B","SF2024B","B","0","","https://wireless.murata.com/sf2024b.html",""
"SF2024D","SF2024D","B","0","","https://wireless.murata.com/sf2024d.html",""
"SF2024D-1","SF2024D-1","D","0","","https://wireless.murata.com/sf2024d-1.html",""
"SF2024E-1","SF2024E-1","B","0","","https://wireless.murata.com/sf2024e-1.html",""
"SF2024E-2","SF2024E-2","A","0","","https://wireless.murata.com/sf2024e-2.html",""
"SF2025B","SF2025B","B","0","","https://wireless.murata.com/sf2025b.html",""
"SF2025D","SF2025D","A","0","","https://wireless.murata.com/sf2025d.html",""
"SF2026B","SF2026B","B","0","","https://wireless.murata.com/sf2026b.html",""
"SF2032E","SF2032E","B","0","","https://wireless.murata.com/sf2032e.html",""
"SF2033A","SF2033A","D","0","","https://wireless.murata.com/sf2033a.html",""
"SF2036E","SF2036E","B","0","","https://wireless.murata.com/sf2036e.html",""
"SF2037B","SF2037B","B","0","","https://wireless.murata.com/sf2037b.html",""
"SF2037B-2","SF2037B-2","B","0","","https://wireless.murata.com/sf2037b-2.html",""
"SF2037B-3","SF2037B-3","D","0","","https://wireless.murata.com/sf2037b-3.html",""
"SF2037C","SF2037C","B","0","","https://wireless.murata.com/sf2037c.html",""
"SF2037C-1","SF2037C-1","D","0","","https://wireless.murata.com/sf2037c-1.html",""
"SF2038B","SF2038B","B","0","","https://wireless.murata.com/sf2038b.html",""
"SF2038B-2","SF2038B-2","B","0","","https://wireless.murata.com/sf2038b-2.html",""
"SF2038B-3","SF2038B-3","B","0","","https://wireless.murata.com/sf2038b-3.html",""
"SF2038C","SF2038C","B","0","","https://wireless.murata.com/sf2038c.html",""
"SF2039B","SF2039B","B","0","","https://wireless.murata.com/sf2039b.html",""
"SF2039B-2","SF2039B-2","B","0","","https://wireless.murata.com/sf2039b-2.html",""
"SF2039B-3","SF2039B-3","B","0","","https://wireless.murata.com/sf2039b-3.html",""
"SF2040B","SF2040B","B","0","","https://wireless.murata.com/sf2040b.html",""
"SF2040B-2","SF2040B-2","B","0","","https://wireless.murata.com/sf2040b-2.html",""
"SF2040B-3","SF2040B-3","D","0","","https://wireless.murata.com/sf2040b-3.html",""
"SF2042B","SF2042B","D","0","","https://wireless.murata.com/sf2042b.html",""
"SF2042C","SF2042C","D","0","","https://wireless.murata.com/sf2042c.html",""
"SF2045A","SF2045A","D","0","","https://wireless.murata.com/sf2045a.html",""
"SF2046B","SF2046B","D","0","","https://wireless.murata.com/sf2046b.html",""
"SF2049E","SF2049E","B","0","","https://wireless.murata.com/sf2049e.html",""
"SF2049E-1","SF2049E-1","B","0","","https://wireless.murata.com/sf2049e-1.html",""
"SF2053E","SF2053E","B","0","","https://wireless.murata.com/sf2053e.html",""
"SF2055A","SF2055A","D","0","","https://wireless.murata.com/sf2055a.html",""
"SF2059B-1","SF2059B-1","B","0","","https://wireless.murata.com/sf2059b-1.html",""
"SF2060B","SF2060B","D","0","","https://wireless.murata.com/sf2060b.html",""
"SF2060B-1","SF2060B-1","D","0","","https://wireless.murata.com/sf2060b-1.html",""
"SF2062A","SF2062A","D","0","","https://wireless.murata.com/sf2062a.html",""
"SF2063A","SF2063A","D","0","","https://wireless.murata.com/sf2063a.html",""
"SF2064A","SF2064A","D","0","","https://wireless.murata.com/sf2064a.html",""
"SF2065C","SF2065C","A","0","","https://wireless.murata.com/sf2065c.html",""
"SF2069A-1","SF2069A-1","D","0","","https://wireless.murata.com/sf2069a-1.html",""
"SF2069A-2","SF2069A-2","B","0","","https://wireless.murata.com/sf2069a-2.html",""
"SF2072C","SF2072C","D","0","","https://wireless.murata.com/sf2072c.html",""
"SF2073B","SF2073B","B","0","","https://wireless.murata.com/sf2073b.html",""
"SF2076B","SF2076B","A","0","","https://wireless.murata.com/sf2076b.html",""
"SF2079D","SF2079D","D","0","","https://wireless.murata.com/sf2079d.html",""
"SF2079D-1","SF2079D-1","D","0","","https://wireless.murata.com/sf2079d-1.html",""
"SF2079E","SF2079E","D","0","","https://wireless.murata.com/sf2079e.html",""
"SF2081D","SF2081D","B","0","","https://wireless.murata.com/sf2081d.html",""
"SF2081E","SF2081E","B","0","","https://wireless.murata.com/sf2081e.html",""
"SF2085A","SF2085A","D","0","","https://wireless.murata.com/sf2085a.html",""
"SF2086C","SF2086C","D","0","","https://wireless.murata.com/sf2086c.html",""
"SF2087C","SF2087C","D","0","","https://wireless.murata.com/sf2087c.html",""
"SF2088C","SF2088C","D","0","","https://wireless.murata.com/sf2088c.html",""
"SF2089C","SF2089C","D","0","","https://wireless.murata.com/sf2089c.html",""
"SF2090C","SF2090C","D","0","","https://wireless.murata.com/sf2090c.html",""
"SF2091C","SF2091C","D","0","","https://wireless.murata.com/sf2091c.html",""
"SF2092E","SF2092E","A","0","","https://wireless.murata.com/sf2092e.html",""
"SF2093E","SF2093E","B","0","","https://wireless.murata.com/sf2093e.html",""
"SF2094B","SF2094B","D","0","","https://wireless.murata.com/sf2094b.html",""
"SF2097B","SF2097B","D","0","","https://wireless.murata.com/sf2097b.html",""
"SF2098E","SF2098E","B","0","","https://wireless.murata.com/sf2098e.html",""
"SF2098H","SF2098H","B","0","","https://wireless.murata.com/sf2098h.html",""
"SF2109D","SF2109D","D","0","","https://wireless.murata.com/sf2109d.html",""
"SF2110D","SF2110D","D","0","","https://wireless.murata.com/sf2110d.html",""
"SF2111A","SF2111A","D","0","","https://wireless.murata.com/sf2111a.html",""
"SF2120C","SF2120C","B","0","","https://wireless.murata.com/sf2120c.html",""
"SF2124E","SF2124E","B","0","","https://wireless.murata.com/sf2124e.html",""
"SF2125D","SF2125D","D","0","","https://wireless.murata.com/sf2125d.html",""
"SF2126E","SF2126E","B","0","","https://wireless.murata.com/sf2126e.html",""
"SF2131B","SF2131B","B","0","","https://wireless.murata.com/sf2131b.html",""
"SF2133E","SF2133E","B","0","","https://wireless.murata.com/sf2133e.html",""
"SF2134E","SF2134E","B","0","","https://wireless.murata.com/sf2134e.html",""
"SF2135A","SF2135A","D","0","","https://wireless.murata.com/sf2135a.html",""
"SF2136E","SF2136E","B","0","","https://wireless.murata.com/sf2136e.html",""
"SF2137D","SF2137D","B","0","","https://wireless.murata.com/sf2137d.html",""
"SF2137E","SF2137E","B","0","","https://wireless.murata.com/sf2137e.html",""
"SF2137E-1","SF2137E-1","B","0","","https://wireless.murata.com/sf2137e-1.html",""
"SF2138B","SF2138B","D","0","","https://wireless.murata.com/sf2138b.html",""
"SF2139D","SF2139D","A","0","","https://wireless.murata.com/sf2139d.html",""
"SF2140A","SF2140A","B","0","","https://wireless.murata.com/sf2140a.html",""
"SF2140A-1","SF2140A-1","B","0","","https://wireless.murata.com/sf2140a-1.html",""
"SF2141B","SF2141B","B","0","","https://wireless.murata.com/sf2141b.html",""
"SF2142G","SF2142G","D","0","","https://wireless.murata.com/sf2142g.html",""
"SF2143A","SF2143A","D","0","","https://wireless.murata.com/sf2143a.html",""
"SF2143B","SF2143B","B","0","","https://wireless.murata.com/sf2143b.html",""
"SF2145B","SF2145B","B","0","","https://wireless.murata.com/sf2145b.html",""
"SF2146D","SF2146D","D","0","","https://wireless.murata.com/sf2146d.html",""
"SF2147D","SF2147D","B","0","","https://wireless.murata.com/sf2147d.html",""
"SF2148B","SF2148B","D","0","","https://wireless.murata.com/sf2148b.html",""
"SF2149A","SF2149A","D","0","","https://wireless.murata.com/sf2149a.html",""
"SF2150E","SF2150E","B","0","","https://wireless.murata.com/sf2150e.html",""
"SF2151B","SF2151B","D","0","","https://wireless.murata.com/sf2151b.html",""
"SF2155B","SF2155B","D","0","","https://wireless.murata.com/sf2155b.html",""
"SF2156B","SF2156B","D","0","","https://wireless.murata.com/sf2156b.html",""
"SF2157A","SF2157A","D","0","","https://wireless.murata.com/sf2157a.html",""
"SF2158E","SF2158E","B","0","","https://wireless.murata.com/sf2158e.html",""
"SF2159E","SF2159E","B","0","","https://wireless.murata.com/sf2159e.html",""
"SF2160E","SF2160E","B","0","","https://wireless.murata.com/sf2160e.html",""
"SF2161E","SF2161E","B","0","","https://wireless.murata.com/sf2161e.html",""
"SF2162E","SF2162E","B","0","","https://wireless.murata.com/sf2162e.html",""
"SF2163E","SF2163E","B","0","","https://wireless.murata.com/sf2163e.html",""
"SF2164E","SF2164E","D","0","","https://wireless.murata.com/sf2164e.html",""
"SF2165E","SF2165E","D","0","","https://wireless.murata.com/sf2165e.html",""
"SF2166E","SF2166E","B","0","","https://wireless.murata.com/sf2166e.html",""
"SF2167E","SF2167E","D","0","","https://wireless.murata.com/sf2167e.html",""
"SF2168E","SF2168E","B","0","","https://wireless.murata.com/sf2168e.html",""
"SF2169E","SF2169E","B","0","","https://wireless.murata.com/sf2169e.html",""
"SF2170D","SF2170D","B","0","","https://wireless.murata.com/sf2170d.html",""
"SF2171E","SF2171E","A","0","","https://wireless.murata.com/sf2171e.html",""
"SF2171H","SF2171H","A","0","","https://wireless.murata.com/sf2171h.html",""
"SF2172C","SF2172C","D","0","","https://wireless.murata.com/sf2172c.html",""
"SF2173E","SF2173E","B","0","","https://wireless.murata.com/sf2173e.html",""
"SF2176E","SF2176E","B","0","","https://wireless.murata.com/sf2176e.html",""
"SF2177E","SF2177E","B","0","","https://wireless.murata.com/sf2177e.html",""
"SF2177E-1","SF2177E-1","B","0","","https://wireless.murata.com/sf2177e-1.html",""
"SF2178A","SF2178A","B","0","","https://wireless.murata.com/sf2178a.html",""
"SF2181D","SF2181D","B","0","","https://wireless.murata.com/sf2181d.html",""
"SF2182D","SF2182D","B","0","","https://wireless.murata.com/sf2182d.html",""
"SF2183E","SF2183E","B","0","","https://wireless.murata.com/sf2183e.html",""
"SF2184E","SF2184E","B","0","","https://wireless.murata.com/sf2184e.html",""
"SF2185A","SF2185A","D","0","","https://wireless.murata.com/sf2185a.html",""
"SF2185A-1","SF2185A-1","A","0","","https://wireless.murata.com/sf2185a-1.html",""
"SF2186E","SF2186E","B","0","","https://wireless.murata.com/sf2186e.html",""
"SF2188C","SF2188C","D","0","","https://wireless.murata.com/sf2188c.html",""
"SF2188D","SF2188D","B","0","","https://wireless.murata.com/sf2188d.html",""
"SF2189A","SF2189A","B","0","","https://wireless.murata.com/sf2189a.html",""
"SF2190B","SF2190B","B","0","","https://wireless.murata.com/sf2190b.html",""
"SF2191E","SF2191E","B","0","","https://wireless.murata.com/sf2191e.html",""
"SF2193E","SF2193E","B","0","","https://wireless.murata.com/sf2193e.html",""
"SF2194E","SF2194E","B","0","","https://wireless.murata.com/sf2194e.html",""
"SF2195E","SF2195E","D","0","","https://wireless.murata.com/sf2195e.html",""
"SF2197E","SF2197E","B","0","","https://wireless.murata.com/sf2197e.html",""
"SF2198E","SF2198E","B","0","","https://wireless.murata.com/sf2198e.html",""
"SF2199E","SF2199E","B","0","","https://wireless.murata.com/sf2199e.html",""
"SF2200E","SF2200E","B","0","","https://wireless.murata.com/sf2200e.html",""
"SF2201E","SF2201E","B","0","","https://wireless.murata.com/sf2201e.html",""
"SF2202E","SF2202E","B","0","","https://wireless.murata.com/sf2202e.html",""
"SF2202E-1","SF2202E-1","A","0","","https://wireless.murata.com/sf2202e-1.html",""
"SF2203E","SF2203E","B","0","","https://wireless.murata.com/sf2203e.html",""
"SF2204E","SF2204E","B","0","","https://wireless.murata.com/sf2204e.html",""
"SF2204E-1","SF2204E-1","B","0","","https://wireless.murata.com/sf2204e-1.html",""
"SF2205E","SF2205E","B","0","","https://wireless.murata.com/sf2205e.html",""
"SF2206E","SF2206E","D","0","","https://wireless.murata.com/sf2206e.html",""
"SF2207E","SF2207E","D","0","","https://wireless.murata.com/sf2207e.html",""
"SF2208E","SF2208E","B","0","","https://wireless.murata.com/sf2208e.html",""
"SF2209H","SF2209H","A","0","","https://wireless.murata.com/sf2209h.html",""
"SF2210D","SF2210D","A","0","","https://wireless.murata.com/sf2210d.html",""
"SF2211E","SF2211E","B","0","","https://wireless.murata.com/sf2211e.html",""
"SF2214E","SF2214E","B","0","","https://wireless.murata.com/sf2214e.html",""
"SF2215E","SF2215E","B","0","","https://wireless.murata.com/sf2215e.html",""
"SF2218D","SF2218D","A","0","","https://wireless.murata.com/sf2218d.html",""
"SF2219A","SF2219A","A","0","","https://wireless.murata.com/sf2219a.html",""
"SF2220C","SF2220C","D","0","","https://wireless.murata.com/sf2220c.html",""
"SF2221A","SF2221A","A","0","","https://wireless.murata.com/sf2221a.html",""
"SF2222C","SF2222C","D","0","","https://wireless.murata.com/sf2222c.html",""
"SF2223D","SF2223D","B","0","","https://wireless.murata.com/sf2223d.html",""
"SF2224E","SF2224E","B","0","","https://wireless.murata.com/sf2224e.html",""
"SF2225E","SF2225E","B","0","","https://wireless.murata.com/sf2225e.html",""
"SF2226E","SF2226E","B","0","","https://wireless.murata.com/sf2226e.html",""
"SF2227A","SF2227A","D","0","","https://wireless.murata.com/sf2227a.html",""
"SF2228A","SF2228A","D","0","","https://wireless.murata.com/sf2228a.html",""
"SF2229A","SF2229A","B","0","","https://wireless.murata.com/sf2229a.html",""
"SF2230A","SF2230A","D","0","","https://wireless.murata.com/sf2230a.html",""
"SF2233E","SF2233E","A","0","","https://wireless.murata.com/sf2233e.html",""
"SF2234E","SF2234E","A","0","","https://wireless.murata.com/sf2234e.html",""
"SF2234E-1","SF2234E-1","A","0","","https://wireless.murata.com/sf2234e-1.html",""
"SF2235E","SF2235E","A","0","","https://wireless.murata.com/sf2235e.html",""
"SF2235G","SF2235G","A","0","","https://wireless.murata.com/sf2235g.html",""
"SF2236E","SF2236E","B","0","","https://wireless.murata.com/sf2236e.html",""
"SF2236G","SF2236G","A","0","","https://wireless.murata.com/sf2236g.html",""
"SF2237C","SF2237C","B","0","","https://wireless.murata.com/sf2237c.html",""
"SF2238E","SF2238E","B","0","","https://wireless.murata.com/sf2238e.html",""
"SF2239E","SF2239E","A","0","","https://wireless.murata.com/sf2239e.html",""
"SF2240E","SF2240E","B","0","","https://wireless.murata.com/sf2240e.html",""
"SF2241E","SF2241E","A","0","","https://wireless.murata.com/sf2241e.html",""
"SF2242B","SF2242B","B","0","","https://wireless.murata.com/sf2242b.html",""
"SF2243A","SF2243A","D","0","","https://wireless.murata.com/sf2243a.html",""
"SF2244A","SF2244A","D","0","","https://wireless.murata.com/sf2244a.html",""
"SF2247E","SF2247E","A","0","","https://wireless.murata.com/sf2247e.html",""
"SF2248E","SF2248E","B","0","","https://wireless.murata.com/sf2248e.html",""
"SF2249E","SF2249E","B","0","","https://wireless.murata.com/sf2249e.html",""
"SF2250E","SF2250E","B","0","","https://wireless.murata.com/sf2250e.html",""
"SF2251E","SF2251E","B","0","","https://wireless.murata.com/sf2251e.html",""
"SF2252E","SF2252E","B","0","","https://wireless.murata.com/sf2252e.html",""
"SF2253E","SF2253E","B","0","","https://wireless.murata.com/sf2253e.html",""
"SF2254E","SF2254E","B","0","","https://wireless.murata.com/sf2254e.html",""
"SF2255E","SF2255E","A","0","","https://wireless.murata.com/sf2255e.html",""
"SF2256E","SF2256E","A","0","","https://wireless.murata.com/sf2256e.html",""
"SF2257A","SF2257A","D","0","","https://wireless.murata.com/sf2257a.html",""
"SF2258E","SF2258E","B","0","","https://wireless.murata.com/sf2258e.html",""
"SF2259H","SF2259H","B","0","","https://wireless.murata.com/sf2259h.html",""
"SF2270A","SF2270A","D","0","","https://wireless.murata.com/sf2270a.html",""
"SF2275E","SF2275E","B","0","","https://wireless.murata.com/sf2275e.html",""
"SF2280E","SF2280E","B","0","","https://wireless.murata.com/sf2280e.html",""
"SF2289C","SF2289C","B","0","","https://wireless.murata.com/sf2289c.html",""
"SF2293E","SF2293E","B","0","","https://wireless.murata.com/sf2293e.html",""
"SF2294E","SF2294E","B","0","","https://wireless.murata.com/sf2294e.html",""
"SF2304B","SF2304B","B","0","","https://wireless.murata.com/sf2304b.html",""
"SF2307D","SF2307D","B","0","","https://wireless.murata.com/sf2307d.html",""
"SF2310A","SF2310A","A","0","","https://wireless.murata.com/sf2310a.html",""
"SF2315E","SF2315E","B","0","","https://wireless.murata.com/sf2315e.html",""
"SF2315E-1","SF2315E-1","B","0","","https://wireless.murata.com/sf2315e-1.html",""
"SF2316E","SF2316E","D","0","","https://wireless.murata.com/sf2316e.html",""
"SF2320C","SF2320C","A","0","","https://wireless.murata.com/sf2320c.html",""
"SF2321D","SF2321D","B","0","","https://wireless.murata.com/sf2321d.html",""
"SF2332B","SF2332B","A","0","","https://wireless.murata.com/sf2332b.html",""
"SF2349D","SF2349D","B","0","","https://wireless.murata.com/sf2349d.html",""
"SN2430R420-4","SN2430R420-4","D","0","","https://wireless.murata.com/sn2430r420-4.html",""
"SN2430RC-4","SN2430RC-4","D","0","","https://wireless.murata.com/sn2430rc-4.html",""
"SN24R420-4","SN24R420-4","D","0","","https://wireless.murata.com/sn24r420-4.html",""
"SN24RC-4","SN24RC-4","D","0","","https://wireless.murata.com/sn24rc-4.html",""
"SN802GR420-4","SN802GR420-4","D","0","","https://wireless.murata.com/sn802gr420-4.html",""
"SN802GRC-4","SN802GRC-4","D","0","","https://wireless.murata.com/sn802grc-4.html",""
"SN802GRC-4DM-X","SN802GRC-4DM-X","D","0","","https://wireless.murata.com/sn802grc-4dm-x.html",""
"SN802GRC-4M","SN802GRC-4M","D","0","","https://wireless.murata.com/sn802grc-4m.html",""
"SN90R420-4","SN90R420-4","D","0","","https://wireless.murata.com/sn90r420-4.html",""
"SN90RC-4","SN90RC-4","D","0","","https://wireless.murata.com/sn90rc-4.html",""
"TR1000","TR1000","D","0","","https://wireless.murata.com/tr1000.html",""
"TR1001","TR1001","D","0","","https://wireless.murata.com/tr1001.html",""
"TR1004","TR1004","D","0","","https://wireless.murata.com/tr1004.html",""
"TR1100","TR1100","D","0","","https://wireless.murata.com/tr1100.html",""
"TR3000","TR3000","D","0","","https://wireless.murata.com/tr3000.html",""
"TR3001","TR3001","D","0","","https://wireless.murata.com/tr3001.html",""
"TR3002","TR3002","D","0","","https://wireless.murata.com/tr3002.html",""
"TR3003","TR3003","D","0","","https://wireless.murata.com/tr3003.html",""
"TR3005","TR3005","D","0","","https://wireless.murata.com/tr3005.html",""
"TR3006HS","TR3006HS","D","0","","https://wireless.murata.com/tr3006hs.html",""
"TR3100","TR3100","D","0","","https://wireless.murata.com/tr3100.html",""
"TR7000","TR7000","D","0","","https://wireless.murata.com/tr7000.html",""
"TR7001","TR7001","D","0","","https://wireless.murata.com/tr7001.html",""
"TR7002","TR7002","D","0","","https://wireless.murata.com/tr7002.html",""
"TR7003","TR7003","D","0","","https://wireless.murata.com/tr7003.html",""
"TR8000","TR8000","D","0","","https://wireless.murata.com/tr8000.html",""
"TR8001","TR8001","D","0","","https://wireless.murata.com/tr8001.html",""
"TR8100","TR8100","D","0","","https://wireless.murata.com/tr8100.html",""
"TRC103","TRC103","B","0","","https://wireless.murata.com/trc103.html",""
"TRC104","TRC104","D","0","","https://wireless.murata.com/trc104.html",""
"TRC105","TRC105","D","0","","https://wireless.murata.com/trc105.html",""
"TX5000","TX5000","D","0","","https://wireless.murata.com/tx5000.html",""
"TX5001","TX5001","D","0","","https://wireless.murata.com/tx5001.html",""
"TX5002","TX5002","D","0","","https://wireless.murata.com/tx5002.html",""
"TX5003","TX5003","D","0","","https://wireless.murata.com/tx5003.html",""
"TX6000","TX6000","D","0","","https://wireless.murata.com/tx6000.html",""
"TX6001","TX6001","D","0","","https://wireless.murata.com/tx6001.html",""
"TX6004","TX6004","D","0","","https://wireless.murata.com/tx6004.html",""
"TXC100","TXC100","D","0","","https://wireless.murata.com/txc100.html",""
"DN-2400G","DN-2400G","D","0","","https://wireless.murata.com/dn-2400g.html",""
"DN-2400GI","DN-2400GI","D","0","","https://wireless.murata.com/dn-2400gi.html",""
"DN-2400GU","DN-2400GU","D","0","","https://wireless.murata.com/dn-2400gu.html",""
"DN-24G","DN-24G","D","0","","https://wireless.murata.com/dn-24g.html",""
"DN-24GI","DN-24GI","D","0","","https://wireless.murata.com/dn-24gi.html",""
"DN-24GU","DN-24GU","B","0","","https://wireless.murata.com/dn-24gu.html",""
"DN-900G","DN-900G","D","0","","https://wireless.murata.com/dn-900g.html",""
"DN-900GI","DN-900GI","B","0","","https://wireless.murata.com/dn-900gi.html",""
"DN-900GU","DN-900GU","B","0","","https://wireless.murata.com/dn-900gu.html",""
"DN-90G","DN-90G","B","0","","https://wireless.murata.com/dn-90g.html",""
"DN-90GI","DN-90GI","D","0","","https://wireless.murata.com/dn-90gi.html",""
"DN-90GU","DN-90GU","D","0","","https://wireless.murata.com/dn-90gu.html",""
"DNT2400C","DNT2400C","D","0","","https://wireless.murata.com/dnt2400c.html",""
"DNT2400DK","DNT2400DK","D","0","","https://wireless.murata.com/dnt2400dk.html",""
"DNT2400P","DNT2400P","D","0","","https://wireless.murata.com/dnt2400p.html",""
"DNT24ADK","DNT24ADK","B","0","","https://wireless.murata.com/dnt24adk.html",""
"DNT24C","DNT24C","B","0","","https://wireless.murata.com/dnt24c.html",""
"DNT24CA","DNT24CA","B","0","","https://wireless.murata.com/dnt24ca.html",""
"DNT24DK","DNT24DK","B","0","","https://wireless.murata.com/dnt24dk.html",""
"DNT24MC","DNT24MC","B","0","","https://wireless.murata.com/dnt24mc.html",""
"DNT24MCA","DNT24MCA","B","0","","https://wireless.murata.com/dnt24mca.html",""
"DNT24MP","DNT24MP","B","0","","https://wireless.murata.com/dnt24mp.html",""
"DNT24MPA","DNT24MPA","B","0","","https://wireless.murata.com/dnt24mpa.html",""
"DNT24P","DNT24P","B","0","","https://wireless.murata.com/dnt24p.html",""
"DNT24PA","DNT24PA","B","0","","https://wireless.murata.com/dnt24pa.html",""
"DNT900C","DNT900C","D","0","","https://wireless.murata.com/dnt900c.html",""
"DNT900DK","DNT900DK","D","0","","https://wireless.murata.com/dnt900dk.html",""
"DNT900P","DNT900P","D","0","","https://wireless.murata.com/dnt900p.html",""
"DNT90ADK","DNT90ADK","B","0","","https://wireless.murata.com/dnt90adk.html",""
"DNT90C","DNT90C","B","0","","https://wireless.murata.com/dnt90c.html",""
"DNT90CA","DNT90CA","B","0","","https://wireless.murata.com/dnt90ca.html",""
"DNT90DK","DNT90DK","B","0","","https://wireless.murata.com/dnt90dk.html",""
"DNT90MC","DNT90MC","B","0","","https://wireless.murata.com/dnt90mc.html",""
"DNT90MCA","DNT90MCA","B","0","","https://wireless.murata.com/dnt90mca.html",""
"DNT90MP","DNT90MP","B","0","","https://wireless.murata.com/dnt90mp.html",""
"DNT90MPA","DNT90MPA","B","0","","https://wireless.murata.com/dnt90mpa.html",""
"DNT90P","DNT90P","B","0","","https://wireless.murata.com/dnt90p.html",""
"DNT90PA","DNT90PA","B","0","","https://wireless.murata.com/dnt90pa.html",""
"DR-WLS1273L-102","DR-WLS1273L-102","D","0","","https://wireless.murata.com/dr-wls1273l-102.html",""
"HN-1010","HN-1010","D","0","","https://wireless.murata.com/hn-1010.html",""
"HN-1510","HN-1510","D","0","","https://wireless.murata.com/hn-1510.html",""
"HN-2010","HN-2010","D","0","","https://wireless.murata.com/hn-2010.html",""
"HN-210","HN-210","D","0","","https://wireless.murata.com/hn-210.html",""
"HN-210D","HN-210D","D","0","","https://wireless.murata.com/hn-210d.html",""
"HN-210DX","HN-210DX","D","0","","https://wireless.murata.com/hn-210dx.html",""
"HN-210X","HN-210X","D","0","","https://wireless.murata.com/hn-210x.html",""
"HN-211R","HN-211R","D","0","","https://wireless.murata.com/hn-211r.html",""
"HN-211RX","HN-211RX","D","0","","https://wireless.murata.com/hn-211rx.html",""
"HN-211U","HN-211U","D","0","","https://wireless.murata.com/hn-211u.html",""
"HN-211UX","HN-211UX","D","0","","https://wireless.murata.com/hn-211ux.html",""
"HN-214","HN-214","D","0","","https://wireless.murata.com/hn-214.html",""
"HN-214D","HN-214D","D","0","","https://wireless.murata.com/hn-214d.html",""
"HN-214DX","HN-214DX","D","0","","https://wireless.murata.com/hn-214dx.html",""
"HN-214U","HN-214U","D","0","","https://wireless.murata.com/hn-214u.html",""
"HN-214UX","HN-214UX","D","0","","https://wireless.murata.com/hn-214ux.html",""
"HN-214X","HN-214X","D","0","","https://wireless.murata.com/hn-214x.html",""
"HN-250","HN-250","D","0","","https://wireless.murata.com/hn-250.html",""
"HN-250-100","HN-250-100","D","0","","https://wireless.murata.com/hn-250-100.html",""
"HN-250U","HN-250U","D","0","","https://wireless.murata.com/hn-250u.html",""
"HN-250U-100","HN-250U-100","D","0","","https://wireless.murata.com/hn-250u-100.html",""
"HN-250UX","HN-250UX","D","0","","https://wireless.murata.com/hn-250ux.html",""
"HN-250X","HN-250X","D","0","","https://wireless.murata.com/hn-250x.html",""
"HN-254","HN-254","D","0","","https://wireless.murata.com/hn-254.html",""
"HN-254U","HN-254U","D","0","","https://wireless.murata.com/hn-254u.html",""
"HN-254UX","HN-254UX","D","0","","https://wireless.murata.com/hn-254ux.html",""
"HN-254X","HN-254X","D","0","","https://wireless.murata.com/hn-254x.html",""
"HN-291","HN-291","D","0","","https://wireless.murata.com/hn-291.html",""
"HN-291X","HN-291X","D","0","","https://wireless.murata.com/hn-291x.html",""
"HN-294","HN-294","D","0","","https://wireless.murata.com/hn-294.html",""
"HN-294X","HN-294X","D","0","","https://wireless.murata.com/hn-294x.html",""
"HN-3010","HN-3010","D","0","","https://wireless.murata.com/hn-3010.html",""
"HN-510","HN-510","D","0","","https://wireless.murata.com/hn-510.html",""
"HN-511","HN-511","D","0","","https://wireless.murata.com/hn-511.html",""
"HN-550","HN-550","D","0","","https://wireless.murata.com/hn-550.html",""
"HN-591","HN-591","D","0","","https://wireless.murata.com/hn-591.html",""
"SEM2410","SEM2410","D","0","","https://wireless.murata.com/sem2410.html",""
"SEM2410D","SEM2410D","D","0","","https://wireless.murata.com/sem2410d.html",""
"SEM2410DX","SEM2410DX","D","0","","https://wireless.murata.com/sem2410dx.html",""
"SEM2410X","SEM2410X","D","0","","https://wireless.murata.com/sem2410x.html",""
"SEM2411","SEM2411","D","0","","https://wireless.murata.com/sem2411.html",""
"SEM2411D","SEM2411D","D","0","","https://wireless.murata.com/sem2411d.html",""
"SEM2411DX","SEM2411DX","D","0","","https://wireless.murata.com/sem2411dx.html",""
"SEM2411LC","SEM2411LC","D","0","","https://wireless.murata.com/sem2411lc.html",""
"SEM2411X","SEM2411X","D","0","","https://wireless.murata.com/sem2411x.html",""
"SEM910","SEM910","D","0","","https://wireless.murata.com/sem910.html",""
"SEM910D","SEM910D","D","0","","https://wireless.murata.com/sem910d.html",""
"SEM910DX","SEM910DX","D","0","","https://wireless.murata.com/sem910dx.html",""
"SEM910X","SEM910X","D","0","","https://wireless.murata.com/sem910x.html",""
"SN8000","88-00153-00","C","0","","https://wireless.murata.com/sn8000.html",""
"SN8000UFL","88-00153-02","C","0","","https://wireless.murata.com/sn8000ufl.html",""
"SN8200","88-00151-00","D","0","","https://wireless.murata.com/sn8200.html",""
"SN8200-EVK","88-00151-95","D","0","","https://wireless.murata.com/sn8200-evk.html",""
"SN8200UFL","88-00151-02","D","0","","https://wireless.murata.com/sn8200ufl.html",""
"SN8200UFL-EVK","88-00151-97","D","0","","https://wireless.murata.com/sn8200ufl-evk.html",""
"SN8205","88-00158-00","D","0","","https://wireless.murata.com/sn8205.html",""
"SN8205-EVK","88-00158-95","D","0","","https://wireless.murata.com/sn8205-evk.html",""
"SN8205UFL","88-00158-02","D","0","","https://wireless.murata.com/sn8205ufl.html",""
"SN8205UFL-EVK","88-00158-97","D","0","","https://wireless.murata.com/sn8205ufl-evk.html",""
"SN820X","88-00158-00, 88-00158-02","D","0","","https://wireless.murata.com/sn820x.html",""
"SNAP2410","SNAP2410","D","0","","https://wireless.murata.com/snap2410.html",""
"SNAP2410D","SNAP2410D","D","0","","https://wireless.murata.com/snap2410d.html",""
"SNAP2410DX","SNAP2410DX","D","0","","https://wireless.murata.com/snap2410dx.html",""
"SNAP2410X","SNAP2410X","D","0","","https://wireless.murata.com/snap2410x.html",""
"SNAP2411","SNAP2411","D","0","","https://wireless.murata.com/snap2411.html",""
"SNAP2411D","SNAP2411D","D","0","","https://wireless.murata.com/snap2411d.html",""
"SNAP2411DX","SNAP2411DX","D","0","","https://wireless.murata.com/snap2411dx.html",""
"SNAP2411X","SNAP2411X","D","0","","https://wireless.murata.com/snap2411x.html",""
"SNAP910","SNAP910","D","0","","https://wireless.murata.com/snap910.html",""
"SNAP910D","SNAP910D","D","0","","https://wireless.murata.com/snap910d.html",""
"SNAP910DX","SNAP910DX","D","0","","https://wireless.murata.com/snap910dx.html",""
"SNAP910X","SNAP910X","D","0","","https://wireless.murata.com/snap910x.html",""
"Type 1BW","LBEH5DU1BW","C","0","","https://wireless.murata.com/type-1bw.html",""
"Type 1BX","LBMA15Q1BX","B","0","","https://wireless.murata.com/type-1bx.html",""
"Type SH","LBEH17YSHC","D","0","","https://wireless.murata.com/type-sh.html",""
"Type SL","LBWA19XSLZ","D","0","","https://wireless.murata.com/type-sl.html",""
"Type TN","LBEE5ZSTNC","D","0","","https://wireless.murata.com/type-tn.html",""
"Type UG","LBMA1BGUG2","D","0","","https://wireless.murata.com/type-ug.html",""
"Type UH","LBEH59XUHC","D","0","","https://wireless.murata.com/type-uh.html",""
"Type UW","LBEH5Z9UWC","D","0","","https://wireless.murata.com/type-uw.html",""
"Type VK","LBWA1ZZVK7-539","D","0","","https://wireless.murata.com/type-vk.html",""
"Type VZ","LBCA2ZZVZE","B","0","","https://wireless.murata.com/type-vz.html",""
"Type WM","LBEP5CLWMC-633","B","0","","https://wireless.murata.com/type-wm.html",""
"Type WS","LBCA2ZXWSE","B","0","","https://wireless.murata.com/type-ws.html",""
"Type WT","LBEP5CLWTC-631","B","0","","https://wireless.murata.com/type-wt.html",""
"Type XL","LBEH5Z4XLC","D","0","","https://wireless.murata.com/type-xl.html",""
"Type YD","LBWA1ZVYDZ","C","0","","https://wireless.murata.com/type-yd.html",""
"Type YD-Certified","LBWB1ZZYDZ-740","C","0","","https://wireless.murata.com/type-yd-certified.html",""
"Type ZD","LBWA1ZVZDZ","C","0","","https://wireless.murata.com/type-zd.html",""
"Type ZF","LBCA2BZZFZ","B","0","","https://wireless.murata.com/type-zf.html",""
"Type ZP","LBEH5HMZPC","C","0","","https://wireless.murata.com/type-zp.html",""
"Type ZP Daughter Card","LBEH5HMZPC-TEMP -D ","D","0","","https://wireless.murata.com/type-zp-daughter-card.html",""
"Type ZP Mother Board","LBEH5HMZPC-TEMP -AA","D","0","","https://wireless.murata.com/type-zp-mother-board.html",""
"Type ZX","LBWA17DZX6","B","0","","https://wireless.murata.com/type-zx.html",""
"Type ZY","LBCA2HNZYZ","B","0","","https://wireless.murata.com/type-zy.html",""
"WIT2410DK","WIT2410DK","D","0","","https://wireless.murata.com/wit2410dk.html",""
"WIT2410M4G","WIT2410M4G","C","0","","https://wireless.murata.com/wit2410m4g.html",""
"WIT2410S4G","WIT2410S4G","D","0","","https://wireless.murata.com/wit2410s4g.html",""
"WIT2410SDK","WIT2410SDK","D","0","","https://wireless.murata.com/wit2410sdk.html",""
"WIT2411D","WIT2411D","D","0","","https://wireless.murata.com/wit2411d.html",""
"WIT2411DK","WIT2411DK","D","0","","https://wireless.murata.com/wit2411dk.html",""
"WIT2411F","WIT2411F","D","0","","https://wireless.murata.com/wit2411f.html",""
"WIT2411SDK","WIT2411SDK","D","0","","https://wireless.murata.com/wit2411sdk.html",""
"WIT2450DK","WIT2450DK","D","0","","https://wireless.murata.com/wit2450dk.html",""
"WIT2450FG","WIT2450FG","D","0","","https://wireless.murata.com/wit2450fg.html",""
"WIT2450M2","WIT2450M2","D","0","","https://wireless.murata.com/wit2450m2.html",""
"WIT2492M","WIT2492M","D","0","","https://wireless.murata.com/wit2492m.html",""
"WIT910DK","WIT910DK","D","0","","https://wireless.murata.com/wit910dk.html",""
"WIT910M","WIT910M","D","0","","https://wireless.murata.com/wit910m.html",""
"WIT910M2","WIT910M2","D","0","","https://wireless.murata.com/wit910m2.html",""
"WIT910S","WIT910S","D","0","","https://wireless.murata.com/wit910s.html",""
"WIT910SDK","WIT910SDK","D","0","","https://wireless.murata.com/wit910sdk.html",""
"WSN802GADK","WSN802GADK","D","0","","https://wireless.murata.com/wsn802gadk.html",""
"WSN802GADK-A","WSN802GADK-A","D","0","","https://wireless.murata.com/wsn802gadk-a.html",""
"WSN802GAEDK-A","WSN802GAEDK-A","D","0","","https://wireless.murata.com/wsn802gaedk-a.html",""
"WSN802GC","WSN802GC","D","0","","https://wireless.murata.com/wsn802gc.html",""
"WSN802GCA","WSN802GCA","D","0","","https://wireless.murata.com/wsn802gca.html",""
"WSN802GCA-E","WSN802GCA-E","D","0","","https://wireless.murata.com/wsn802gca-e.html",""
"WSN802GC-E","WSN802GC-E","D","0","","https://wireless.murata.com/wsn802gc-e.html",""
"WSN802GDK","WSN802GDK","D","0","","https://wireless.murata.com/wsn802gdk.html",""
"WSN802GDK-A","WSN802GDK-A","D","0","","https://wireless.murata.com/wsn802gdk-a.html",""
"WSN802GEDK-A","WSN802GEDK-A","D","0","","https://wireless.murata.com/wsn802gedk-a.html",""
"WSN802GP","WSN802GP","D","0","","https://wireless.murata.com/wsn802gp.html",""
"WSN802GPA","WSN802GPA","D","0","","https://wireless.murata.com/wsn802gpa.html",""
"WSN802GPA-E","WSN802GPA-E","D","0","","https://wireless.murata.com/wsn802gpa-e.html",""
"WSN802GP-E","WSN802GP-E","D","0","","https://wireless.murata.com/wsn802gp-e.html",""
"XDM2510HC","XDM2510HC","D","0","","https://wireless.murata.com/xdm2510hc.html",""
"XDM2510HDK","XDM2510HDK","D","0","","https://wireless.murata.com/xdm2510hdk.html",""
"XDM2510HP","XDM2510HP","D","0","","https://wireless.murata.com/xdm2510hp.html",""
"XG2510HE","XG2510HE","D","0","","https://wireless.murata.com/xg2510he.html",""
"ZN-241G","ZN-241G","B","0","","https://wireless.murata.com/zn-241g.html",""
"ZN-241GI","ZN-241GI","D","0","","https://wireless.murata.com/zn-241gi.html",""
"ZN-241GIOEM","ZN-241GIOEM","D","0","","https://wireless.murata.com/zn-241gioem.html",""
"ZN-241GOEM","ZN-241GOEM","B","0","","https://wireless.murata.com/zn-241goem.html",""
"ZN-241GSK","ZN-241GSK","D","0","","https://wireless.murata.com/zn-241gsk.html",""
"ZN-241GU","ZN-241GU","D","0","","https://wireless.murata.com/zn-241gu.html",""
"ZN-241GUOEM","ZN-241GUOEM","D","0","","https://wireless.murata.com/zn-241guoem.html",""
"SAFBC315MSP0T00","SAFBC315MSP0T00","B","0","","https://wireless.murata.com/safbc315msp0t00.html",""
"SAFBC433MSP0T00","SAFBC433MSP0T00","B","0","","https://wireless.murata.com/safbc433msp0t00.html",""
"SAFBC433MPB0X00","SAFBC433MPB0X00","B","0","","https://wireless.murata.com/safbc433mpb0x00.html",""
"WSN802GX","WSN802G","D","0","","https://wireless.murata.com/wsn802gp-1.html",""
"LXDC3EP10A-176","LXDC3EP10A-176","D","0","","https://wireless.murata.com/lxdc3ep10a-176.html",""
"LXDC3EP12A-104","LXDC3EP12A-104","D","0","","https://wireless.murata.com/lxdc3ep12a-104.html",""
"LXDC3EP15A-105","LXDC3EP15A-105","D","0","","https://wireless.murata.com/lxdc3ep15a-105.html",""
"LXDC3EP18A-106","LXDC3EP18A-106","D","0","","https://wireless.murata.com/lxdc3ep18a-106.html",""
"LXDC3EP25A-109","LXDC3EP25A-109","D","0","","https://wireless.murata.com/lxdc3ep25a-109.html",""
"LXDC3EP33A-107","LXDC3EP33A-107","D","0","","https://wireless.murata.com/lxdc3ep33a-107.html",""
"LXDC3EP10F-208","LXDC3EP10F-208","D","0","","https://wireless.murata.com/lxdc3ep10f-208.html",""
"LXDC3EP12F-151","LXDC3EP12F-151","D","0","","https://wireless.murata.com/lxdc3ep12f-151.html",""
"LXDC3EP15F-263","LXDC3EP15F-263","D","0","","https://wireless.murata.com/lxdc3ep15f-263.html",""
"LXDC3EP18F-264","LXDC3EP18F-264","D","0","","https://wireless.murata.com/lxdc3ep18f-264.html",""
"LXDC3EP25F-265","LXDC3EP25F-265","D","0","","https://wireless.murata.com/lxdc3ep25f-265.html",""
"LXDC3EP33F-204","LXDC3EP33F-204","D","0","","https://wireless.murata.com/lxdc3ep33f-204.html",""
"LXDC44AAAC-169","LXDC44AAAC-169","D","0","","https://wireless.murata.com/lxdc44aaac-169.html",""
"LXDC44AAAC-212","LXDC44AAAC-212","D","0","","https://wireless.murata.com/lxdc44aaac-212.html",""
"LXDC2HL10A-080","LXDC2HL10A-080","D","0","","https://wireless.murata.com/lxdc2hl10a-080.html",""
"LXDC2HL11A-314","LXDC2HL11A-314","D","0","","https://wireless.murata.com/lxdc2hl11a-314.html",""
"LXDC2HL12A-050","LXDC2HL12A-050","D","0","","https://wireless.murata.com/lxdc2hl12a-050.html",""
"LXDC2HL13A-082","LXDC2HL13A-082","D","0","","https://wireless.murata.com/lxdc2hl13a-082.html",""
"LXDC2HL15A-051","LXDC2HL15A-051","D","0","","https://wireless.murata.com/lxdc2hl15a-051.html",""
"LXDC2HL18A-052","LXDC2HL18A-052","D","0","","https://wireless.murata.com/lxdc2hl18a-052.html",""
"LXDC2HL1CA-322","LXDC2HL1CA-322","D","0","","https://wireless.murata.com/lxdc2hl1ca-322.html",""
"LXDC2HL1DA-087","LXDC2HL1DA-087","D","0","","https://wireless.murata.com/lxdc2hl1da-087.html",""
"LXDC2HL23A-323","LXDC2HL23A-323","D","0","","https://wireless.murata.com/lxdc2hl23a-323.html",""
"LXDC2HL25A-053","LXDC2HL25A-053","D","0","","https://wireless.murata.com/lxdc2hl25a-053.html",""
"LXDC2HL28A-243","LXDC2HL28A-243","D","0","","https://wireless.murata.com/lxdc2hl28a-243.html",""
"LXDC2HL30A-054","LXDC2HL30A-054","D","0","","https://wireless.murata.com/lxdc2hl30a-054.html",""
"LXDC2HL33A-055","LXDC2HL33A-055","D","0","","https://wireless.murata.com/lxdc2hl33a-055.html",""
"LXDC2HN10A-132","LXDC2HN10A-132","D","0","","https://wireless.murata.com/lxdc2hn10a-132.html",""
"LXDC2HN11A-214","LXDC2HN11A-214","D","0","","https://wireless.murata.com/lxdc2hn11a-214.html",""
"LXDC2HN12A-099","LXDC2HN12A-099","D","0","","https://wireless.murata.com/lxdc2hn12a-099.html",""
"LXDC2HN13A-236","LXDC2HN13A-236","D","0","","https://wireless.murata.com/lxdc2hn13a-236.html",""
"LXDC2HN15A-126","LXDC2HN15A-126","D","0","","https://wireless.murata.com/lxdc2hn15a-126.html",""
"LXDC2HN18A-097","LXDC2HN18A-097","D","0","","https://wireless.murata.com/lxdc2hn18a-097.html",""
"LXDC2HN1CA-261","LXDC2HN1CA-261","D","0","","https://wireless.murata.com/lxdc2hn1ca-261.html",""
"LXDC2HN1DA-133","LXDC2HN1DA-133","D","0","","https://wireless.murata.com/lxdc2hn1da-133.html",""
"LXDC2HN23A-324","LXDC2HN23A-324","D","0","","https://wireless.murata.com/lxdc2hn23a-324.html",""
"LXDC2HN25A-134","LXDC2HN25A-134","D","0","","https://wireless.murata.com/lxdc2hn25a-134.html",""
"LXDC2HN28A-235","LXDC2HN28A-235","D","0","","https://wireless.murata.com/lxdc2hn28a-235.html",""
"LXDC2HN30A-135","LXDC2HN30A-135","D","0","","https://wireless.murata.com/lxdc2hn30a-135.html",""
"LXDC2HN33A-136","LXDC2HN33A-136","D","0","","https://wireless.murata.com/lxdc2hn33a-136.html",""
"LXDC2HN10F-238","LXDC2HN10F-238","D","0","","https://wireless.murata.com/lxdc2hn10f-238.html",""
"LXDC2HN11F-313","LXDC2HN11F-313","D","0","","https://wireless.murata.com/lxdc2hn11f-313.html",""
"LXDC2HN12F-162","LXDC2HN12F-162","D","0","","https://wireless.murata.com/lxdc2hn12f-162.html",""
"LXDC2HN13F-237","LXDC2HN13F-237","D","0","","https://wireless.murata.com/lxdc2hn13f-237.html",""
"LXDC2HN15F-231","LXDC2HN15F-231","D","0","","https://wireless.murata.com/lxdc2hn15f-231.html",""
"LXDC2HN18F-163","LXDC2HN18F-163","D","0","","https://wireless.murata.com/lxdc2hn18f-163.html",""
"LXDC2HN1CF-262","LXDC2HN1CF-262","D","0","","https://wireless.murata.com/lxdc2hn1cf-262.html",""
"LXDC2HN1DF-242","LXDC2HN1DF-242","D","0","","https://wireless.murata.com/lxdc2hn1df-242.html",""
"LXDC2HN23F-177","LXDC2HN23F-177","D","0","","https://wireless.murata.com/lxdc2hn23f-177.html",""
"LXDC2HN25F-164","LXDC2HN25F-164","D","0","","https://wireless.murata.com/lxdc2hn25f-164.html",""
"LXDC2HN28F-234","LXDC2HN28F-234","D","0","","https://wireless.murata.com/lxdc2hn28f-234.html",""
"LXDC2HN30F-239","LXDC2HN30F-239","D","0","","https://wireless.murata.com/lxdc2hn30f-239.html",""
"LXDC2HN33F-175","LXDC2HN33F-175","D","0","","https://wireless.murata.com/lxdc2hn33f-175.html",""
"LXDC2UR12A-118","LXDC2UR12A-118","D","0","","https://wireless.murata.com/lxdc2ur12a-118.html",""
"LXDC2UR15A-119","LXDC2UR15A-119","D","0","","https://wireless.murata.com/lxdc2ur15a-119.html",""
"LXDC2UR18A-120","LXDC2UR18A-120","D","0","","https://wireless.murata.com/lxdc2ur18a-120.html",""
"LXDC2UR30A-143","LXDC2UR30A-143","D","0","","https://wireless.murata.com/lxdc2ur30a-143.html",""
"LXDC2UR33A-122","LXDC2UR33A-122","D","0","","https://wireless.murata.com/lxdc2ur33a-122.html",""
"LXDC55FAAA-203","LXDC55FAAA-203","D","0","","https://wireless.murata.com/lxdc55faaa-203.html",""
"LXDC55KAAA-205","LXDC55KAAA-205","D","0","","https://wireless.murata.com/lxdc55kaaa-205.html",""
"MPA1945A","MPA1945A","D","0","","https://wireless.murata.com/mpa1945a.html",""
"MPA1945B","MPA1945B","D","0","","https://wireless.murata.com/mpa1945b.html",""
"MPA1945C","MPA1945C","D","0","","https://wireless.murata.com/mpa1945c.html",""
"MPA1945D","MPA1945D","D","0","","https://wireless.murata.com/mpa1945d.html",""
"MPA1945E","MPA1945E","D","0","","https://wireless.murata.com/mpa1945e.html",""
"MPA1945F","MPA1945F","D","0","","https://wireless.murata.com/mpa1945f.html",""
"MYGTR01205BZN","MYGTR01205BZN","D","0","","https://wireless.murata.com/mygtr01205bzn.html",""
"MYGTC012R5BZN","MYGTC012R5BZN","D","0","","https://wireless.murata.com/mygtc012r5bzn.html",""
"MPD6S022S","MPD6S022S","D","0","","https://wireless.murata.com/mpd6s022s.html",""
"MYBEB00520AZT","MYBEB00520AZT","D","0","","https://wireless.murata.com/mybeb00520azt.html",""
"MYBSB3R315ABT","MYBSB3R315ABT","D","0","","https://wireless.murata.com/mybsb3r315abt.html",""
"MYSSM00502EEPL","MYSSM00502EEPL","D","0","","https://wireless.murata.com/myssm00502eepl.html",""
"MPD7K046S","MPD7K046S","D","0","","https://wireless.murata.com/mpd7k046s.html",""
"MVAC250-24FT","4401812-1","D","0","","https://wireless.murata.com/mvac250-24ft.html",""
"SF1224E-1","SF1224E-1","B","0","","https://wireless.murata.com/sf1224e-1.html",""
"SF2353E","SF2353E","B","0","","https://wireless.murata.com/sf2353e.html",""
"SF2331B","SF2331B","B","0","","https://wireless.murata.com/sf2331b.html",""
"MVAD160-125","MVAD160-125","D","0","","https://wireless.murata.com/mvad160-125.html",""
"MVAD160-245","MVAD160-245","D","0","","https://wireless.murata.com/mvad160-245.html",""
"MVAD160-485","MVAD160-485","D","0","","https://wireless.murata.com/mvad160-485.html",""
"MVAD160-12","MVAD160-12","D","0","","https://wireless.murata.com/mvad160-12.html",""
"MVAD160-24","MVAD160-24","D","0","","https://wireless.murata.com/mvad160-24.html",""
"MVAD160-48","MVAD160-48","D","0","","https://wireless.murata.com/mvad160-48.html",""
"SF2316H","SF2316H","B","0","","https://wireless.murata.com/sf2316h.html",""
"SF2281D","SF2281D","B","0","","https://wireless.murata.com/sf2281d.html",""
"SF2283D","SF2283D","B","0","","https://wireless.murata.com/sf2283d.html",""
"SF2316H-1","SF2316H-1","B","0","","https://wireless.murata.com/sf2316h-1.html",""
"SC3011B","SC3011B","D","0","","https://wireless.murata.com/sc3011b.html",""
"SF2381E","SF2381E","B","0","","https://wireless.murata.com/sf2381e.html",""
"SF2250E-1","SF2250E-1","B","0","","https://wireless.murata.com/sf2250e-1.html",""
"Type 1DX","LBEE5KL1DX","B","0","","https://wireless.murata.com/type-1dx.html",""
"Type 1FJ","LBEE1ZZ1FJ","D","0","","https://wireless.murata.com/type-1fj.html",""
"Type 1FX","LBWA1KL1FX","B","0","","https://wireless.murata.com/type-1fx.html",""
"RO3073A-21","RO3073A-21","D","0","","https://wireless.murata.com/ro3073a-21.html",""
"LXDC2HL10G-301","LXDC2HL10G-301","D","0","","https://wireless.murata.com/lxdc2hl10g-301.html",""
"LXDC2HL12G-302","LXDC2HL12G-302","D","0","","https://wireless.murata.com/lxdc2hl12g-302.html",""
"LXDC2HL15G-303","LXDC2HL15G-303","D","0","","https://wireless.murata.com/lxdc2hl15g-303.html",""
"LXDC2HL18G-304","LXDC2HL18G-304","D","0","","https://wireless.murata.com/lxdc2hl18g-304.html",""
"LXDC2HL25G-341","LXDC2HL25G-341","D","0","","https://wireless.murata.com/lxdc2hl25g-341.html",""
"LXDC2SCAAB-352","LXDC2SCAAB-352","D","0","","https://wireless.murata.com/lxdc2scaab-352.html",""
"LXDC2XQ10A-251","LXDC2XQ10A-251","D","0","","https://wireless.murata.com/lxdc2xq10a-251.html",""
"LXDC2XQ11A-298","LXDC2XQ11A-298","D","0","","https://wireless.murata.com/lxdc2xq11a-298.html",""
"LXDC2XQ12A-252","LXDC2XQ12A-252","D","0","","https://wireless.murata.com/lxdc2xq12a-252.html",""
"LXDC2XQ13A-343","LXDC2XQ13A-343","D","0","","https://wireless.murata.com/lxdc2xq13a-343.html",""
"LXDC2XQ15A-277","LXDC2XQ15A-277","D","0","","https://wireless.murata.com/lxdc2xq15a-277.html",""
"LXDC2XQ17A-396","LXDC2XQ17A-396","D","0","","https://wireless.murata.com/lxdc2xq17a-396.html",""
"LXDC2XQ18A-253","LXDC2XQ18A-253","D","0","","https://wireless.murata.com/lxdc2xq18a-253.html",""
"LXDC2XQ1DA-299","LXDC2XQ1DA-299","D","0","","https://wireless.murata.com/lxdc2xq1da-299.html",""
"LXDC2XQ25A-300","LXDC2XQ25A-300","D","0","","https://wireless.murata.com/lxdc2xq25a-300.html",""
"LXDC2XQ33A-254","LXDC2XQ33A-254","D","0","","https://wireless.murata.com/lxdc2xq33a-254.html",""
"SF2316E-1","SF2316E-1","B","0","","https://wireless.murata.com/sf2316e-1.html",""
"SF2370H","SF2370H","B","0","","https://wireless.murata.com/sf2370h.html",""
"SF2385H","SF2385H","B","0","","https://wireless.murata.com/sf2385h.html",""
"LPR2430","LPR2430","D","0","","https://wireless.murata.com/lpr2430.html",""
"LPR2430A","LPR2430A","D","0","","https://wireless.murata.com/lpr2430a.html",""
"LPR2430ADK","LPR2430ADK","D","0","","https://wireless.murata.com/lpr2430adk.html",""
"LPR2430DK","LPR2430DK","D","0","","https://wireless.murata.com/lpr2430dk.html",""
"LPR2430ER","LPR2430ER","D","0","","https://wireless.murata.com/lpr2430er.html",""
"LPR2430ERA","LPR2430ERA","D","0","","https://wireless.murata.com/lpr2430era.html",""
"LPR2430ERADK","LPR2430ERADK","D","0","","https://wireless.murata.com/lpr2430eradk.html",""
"LPR2430ERDK","LPR2430ERDK","D","0","","https://wireless.murata.com/lpr2430erdk.html",""
"SF2344D","SF2344D","B","0","","https://wireless.murata.com/sf2344d.html",""
"SF2314E","SF2314E","B","0","","https://wireless.murata.com/sf2314e.html",""
"SF2271C","SF2271C","B","0","","https://wireless.murata.com/sf2271c.html",""
"SF2388E","SF2388E","B","0","","https://wireless.murata.com/sf2388e.html",""
"SF2419E","SF2419E","B","0","","https://wireless.murata.com/sf2419e.html",""
"SF2413E","SF2413E","B","0","","https://wireless.murata.com/sf2413e.html",""
"SF2287E","SF2287E","B","0","","https://wireless.murata.com/sf2287e.html",""
"SF2412E","SF2412E","B","0","","https://wireless.murata.com/sf2412e.html",""
"SF2395E","SF2395E","B","0","","https://wireless.murata.com/sf2395e.html",""
"SF2393E","SF2393E","B","0","","https://wireless.murata.com/sf2393e.html",""
"Type 1AD for Ayla IoT Cloud software","LBWA1CS1AD","B","0","","https://wireless.murata.com/type-1ad-with-ayla-iot-cloud-software.html",""
"Type 1AD Certified for Ayla IoT Cloud software","LBWB1ZZ1AD","C","0","","https://wireless.murata.com/type-1ad-certified-with-ayla-iot-cloud-software.html",""
"Type ABH","CMEN1ZZABH","B","0","","https://wireless.murata.com/type-abh.html",""
"Type ABR","CMWC1ZZABR","B","0","","https://wireless.murata.com/type-abr.html",""
"Type XR","LBEP5CLXRC","B","0","","https://wireless.murata.com/type-xr.html",""
"SF2327E","SF2327E","D","0","","https://wireless.murata.com/sf2327e.html",""
"Type 1JP","LBWA1ZZ1JP","B","0","","https://wireless.murata.com/type1jp.html",""
"Type 1GC","LBWA1UZ1GC","B","0","","https://wireless.murata.com/type1gc.html",""
"Type 1HD","LBWA1ZZ1HD","B","0","","https://wireless.murata.com/type1hd.html",""
"Type 1JQ","LBWA1ZZ1JQ","B","0","","https://wireless.murata.com/type1jq.html",""
"RF3709E","RF3709E","B","0","","https://wireless.murata.com/rf3709e.html",""
"SF2261E","SF2261E","B","0","","https://wireless.murata.com/sf2261e.html",""
"Type 1CK","LBEE5ZZ1CK","C","0","","https://wireless.murata.com/type-1ck.html",""
"RF3624E","RF3624E","B","0","","https://wireless.murata.com/rf3624e.html",""
"SF2380E","SF2380E","B","0","","https://wireless.murata.com/sf2380e.html",""
"Type 1CD - imp003","LBWA1ZV1CD","B","0","","https://wireless.murata.com/type-1cd.html",""
"Type 1GC-imp005","LBWA1UZ1GC-901","B","0","","https://wireless.murata.com/type-1gc-imp005.html",""
"Type 1EU","LBBA0ZZ1EU-951","B","0","","https://wireless.murata.com/type-1eu.html",""
"Type 1LD","LBEE5PA1LD","B","0","","https://wireless.murata.com/type1ld.html",""
"SF2352H","SF2352H","B","0","","https://wireless.murata.com/sf2352h.html",""
"SF2423D","SF2423D","B","0","","https://wireless.murata.com/sf2423d.html",""
"SF2421D","SF2421D","B","0","","https://wireless.murata.com/sf2421d.html",""
"SF2424D","SF2424D","A","0","","https://wireless.murata.com/sf2424d.html",""
"SF2416D","SF2416D","A","0","","https://wireless.murata.com/sf2416d.html",""
"SF1186G-6","SF1186G-6","B","0","","https://wireless.murata.com/sf1186g-6.html",""
"Type 1MD - imp004m","LBEE5ZZ1MD","B","0","","https://wireless.murata.com/type-1md-imp004m.html",""
"LXDC2MB10G-454","LXDC2MB10G-454","D","0","","https://wireless.murata.com/lxdc2mb10g-454.html",""
"LXDC2MB11G-423","LXDC2MB11G-423","D","0","","https://wireless.murata.com/lxdc2mb11g-423.html",""
"LXDC2MB12G-424","LXDC2MB12G-424","D","0","","https://wireless.murata.com/lxdc2mb12g-424.html",""
"LXDC2MB15G-456","LXDC2MB15G-456","D","0","","https://wireless.murata.com/lxdc2mb15g-456.html",""
"LXDC2MB18G-425","LXDC2MB18G-425","D","0","","https://wireless.murata.com/lxdc2mb18g-425.html",""
"LXDC2MB25G-426","LXDC2MB25G-426","D","0","","https://wireless.murata.com/lxdc2mb25g-426.html",""
"LXDC2MB30G-427","LXDC2MB30G-427","D","0","","https://wireless.murata.com/lxdc2mb30g-427.html",""
"LXDC2MB33G-428","LXDC2MB33G-428","D","0","","https://wireless.murata.com/lxdc2mb33g-428.html",""
"SF2378E","SF2378E","B","0","","https://wireless.murata.com/sf2378e.html",""
"ICH0130V1NTC","8808727","D","0","","https://wireless.murata.com/ich0130v1ntc.html",""
"ICH0130V1PTC","8808726","D","0","","https://wireless.murata.com/ich0130v1ptc.html",""
"ICH0415V1NTC","8808730","D","0","","https://wireless.murata.com/ich0415v1ntc.html",""
"ICH0415V1PTC","8808736","D","0","","https://wireless.murata.com/ich0415v1ptc.html",""
"ICH0513V1NTC","8808734","D","0","","https://wireless.murata.com/ich0513v1ntc.html",""
"ICH0513V1PTC","8808733","D","0","","https://wireless.murata.com/ich0513v1ptc.html",""
"ICH0141V1NTC","8808719","D","0","","https://wireless.murata.com/ich0141v1ntc.html",""
"ICH0141V1PTC","8808718","D","0","","https://wireless.murata.com/ich0141v1ptc.html",""
"ICH0421V1NTC","8808715","D","0","","https://wireless.murata.com/ich0421v1ntc.html",""
"ICH0421V1PTC","8808714","D","0","","https://wireless.murata.com/ich0421v1ptc.html",""
"ICH0518V1NTC","8808723","D","0","","https://wireless.murata.com/ich0518v1ntc.html",""
"ICH0518V1PTC","8808722","D","0","","https://wireless.murata.com/ich0518v1ptc.html",""
"ICF0442V1NTC","8808711","D","0","","https://wireless.murata.com/icf0442v1ntc.html",""
"ICF0442V1PTC","8808710","D","0","","https://wireless.murata.com/icf0442v1ptc.html",""
"ICF0536V1NTC","8808707","D","0","","https://wireless.murata.com/icf0536v1ntc.html",""
"ICF0536V1PTC","8808706","D","0","","https://wireless.murata.com/icf0536v1ptc.html",""
"RO3316E","RO3316E","B","0","","https://wireless.murata.com/ro3316e.html",""
"Type 1GR","LBCA1CW1GR","B","0","","https://wireless.murata.com/type1gr.html",""
"SF2367B","SF2367B","B","0","","https://wireless.murata.com/sf2367b.html",""
"SF2137E-2","SF2137E-2","B","0","","https://wireless.murata.com/sf2137e-2.html",""
"Type ABZ","CMWX1ZZABZ","B","0","","https://wireless.murata.com/type-abz.html",""
"RF3709D","RF3709D","A","0","","https://wireless.murata.com/rf3709d.html",""
"RF3624D","RF3624D","D","0","","https://wireless.murata.com/rf3624d.html",""
"WSM-BL242-ADA-006","WSM-BL242-ADA-006","D","0","","https://wireless.murata.com/wsm-bl242-ada-006.html",""
"PWR70","PWR70C","D","0","","https://wireless.murata.com/pwr70c-1.html",""
"SF2369E","SF2369E","A","0","","https://wireless.murata.com/sf2369e.html",""
"SF2415E","SF2415E","B","0","","https://wireless.murata.com/sf2415e.html",""
"PQC250-15","PQC250-15","D","0","","https://wireless.murata.com/pqc250-15.html",""
"PQC250-28","PQC250-28","D","0","","https://wireless.murata.com/pqc250-28.html",""
"SF2248E-1","SF2248E-1 ","B","0","","https://wireless.murata.com/sf2248e-1.html",""
"SprIoT 6UL","WSC-WB242-ADA-SM1","D","0","","https://wireless.murata.com/spriot-6ul.html",""
"SF2276D-2","SF2276D-2","B","0","","https://wireless.murata.com/sf2276d-2.html",""
"SF2275E-1","SF2275E-1","B","0","","https://wireless.murata.com/sf2275e-1.html",""
"SF2438D","SF2438D","B","0","","https://wireless.murata.com/sf2438d.html",""
"SF2133E-3","SF2133E-3","B","0","","https://wireless.murata.com/sf2133e-3.html",""
"SF2437D","SF2437D","B","0","","https://wireless.murata.com/sf2437d.html",""
"SF2138B-1","SF2138B-1","B","0","","https://wireless.murata.com/sf2138b-1.html",""
"SF1224E-3","SF1224E-3","B","0","","https://wireless.murata.com/sf1224e-3.html",""
"SF2425E","SF2425E","B","0","","https://wireless.murata.com/sf2425e.html",""
"SF2296C","SF2296C","B","0","","https://wireless.murata.com/sf2296c.html",""
"SF2442E-1","SF2442E-1","B","0","","https://wireless.murata.com/sf2442e-1.html",""
"SF2431D","SF2431D","B","0","","https://wireless.murata.com/sf2431d.html",""
"Type 1KP","LBWA1ZZ1KP","A","0","","https://wireless.murata.com/type-1kp.html",""
"Type 1KQ","LBWA1ZZ1KQ","A","0","","https://wireless.murata.com/type-1kq.html",""
"Type 1KR","LBWA1ZZ1KR","A","0","","https://wireless.murata.com/type-1kr.html",""
"Type 1KS","LBWA1ZZ1KS","A","0","","https://wireless.murata.com/type-1ks.html",""
"SF2434E-1","SF2434E-1","B","0","","https://wireless.murata.com/sf2434e-1.html",""
"SF2434E","SF2434E","B","0","","https://wireless.murata.com/sf2434e.html",""
"MBN52832","WSM-BL241-ADA-008","B","0","","https://wireless.murata.com/mbn52832.html",""
"Type 1LV","LBEE59B1LV","B","0","","https://wireless.murata.com/type-1lv.html.html",""
"Type 1MW","LBEE5HY1MW","B","0","","https://wireless.murata.com/type-1mw.html.html",""
"Type 1LD-Ayla","LBEE5PA1LD-222","A","0","","https://wireless.murata.com/type-1ld-ayla.html.html",""
"Type 1CQ","LBEE5U91CQ","B","0","","https://wireless.murata.com/type-1cq.html.html",""
"Type 1PJ","LBEE5ZZ1PJ","B","0","","https://wireless.murata.com/type-1pj.html.html",""
"Type 1PS ","LBWA1UZ1PS ","A","0","","https://wireless.murata.com/type1ps.html.html",""
"mQ100/mQ200","mQ100 & mQ200","B","0","","https://wireless.murata.com/mq100-mq200.html.html",""
"RF3631D ","RF3631D ","B","0","","https://wireless.murata.com/rf3631d.html.html",""
"SF1097A-1","SF1097A-1","B","0","","https://wireless.murata.com/sf1097a-1.html.html",""
"SF2259H-1","SF2259H-1","D","0","","https://wireless.murata.com/sf2259h-1.html.html",""
"SF2345E-1","SF2345E-1","A","0","","https://wireless.murata.com/sf2345e-1.html.html",""
"SF2368E","SF2368E","B","0","","https://wireless.murata.com/sf2368e.html.html",""
"SF2375E","SF2375E","B","0","","https://wireless.murata.com/sf2375e.html.html",""
"SF2391E","SF2391E","B","0","","https://wireless.murata.com/sf2391e.html.html",""
"SF2395H","SF2395H","B","0","","https://wireless.murata.com/sf2395h.html.html",""
"SF2415E-1","SF2415E-1","B","0","","https://wireless.murata.com/sf2415e-1.html.html",""
"SF2446E","SF2446E","B","0","","https://wireless.murata.com/sf2446e.html.html",""
"SF2463H","SF2463H","A","0","","https://wireless.murata.com/sf2463h.html.html",""
"SF2467H","SF2467H","B","0","","https://wireless.murata.com/sf2467h.html.html",""
"SF2433D","SF2433D","B","0","","https://wireless.murata.com/.html",""
"Afero ASR-1","AFERO-BL24-01","D","0","","https://wireless.murata.com/.html",""
"uSD-M2 Adapter","LBEE0ZZ1WE-TEMP","B","0","","https://wireless.murata.com/.html",""
"Type 1CX","LBEH5UL1CX","B","0","","https://wireless.murata.com/.html",""
"RF1391C-1","RF1391C-1","B","0","","https://wireless.murata.com/.html",""
"RF1404D","RF1404D","B","0","","https://wireless.murata.com/.html",""
"RF1415D","RF1415D","B","0","","https://wireless.murata.com/.html",""
"RO3023A-1","RO3023A-1","B","0","","https://wireless.murata.com/.html",""
"RF3396D","RF3396D","B","0","","https://wireless.murata.com/.html",""
"RF3396E","RF3396E","B","0","","https://wireless.murata.com/.html",""
"RF3626E","RF3626E","B","0","","https://wireless.murata.com/.html",""
"RO3073A-10","RO3073A-10","B","0","","https://wireless.murata.com/.html",""
"RO3073E-14","RO3073E-14","B","0","","https://wireless.murata.com/.html",""
"RO3075E-1","RO3075E-1","B","0","","https://wireless.murata.com/.html",""
"RO3101A-20","RO3101A-20","B","0","","https://wireless.murata.com/.html",""
"RO3101D-1","RO3101D-1","B","0","","https://wireless.murata.com/.html",""
"RO3101E-4","RO3101E-4","B","0","","https://wireless.murata.com/.html",""
"RO3103A-1","RO3103A-1","B","0","","https://wireless.murata.com/.html",""
"RO3104A-1","RO3104A-1","B","0","","https://wireless.murata.com/.html",""
"RO3104C-1","RO3104C-1","B","0","","https://wireless.murata.com/.html",""
"RO3104D-1","RO3104D-1","B","0","","https://wireless.murata.com/.html",""
"RO3104E-1","RO3104E-1","B","0","","https://wireless.murata.com/.html",""
"RO3118E-1","RO3118E-1","B","0","","https://wireless.murata.com/.html",""
"RO3144E-3","RO3144E-3","B","0","","https://wireless.murata.com/.html",""
"RO3164C","RO3164C","B","0","","https://wireless.murata.com/.html",""
"SF2038C-1","SF2038C-1","B","0","","https://wireless.murata.com/.html",""
"SF2316E-3","SF2316E-3","B","0","","https://wireless.murata.com/.html",""
"SF2445E","SF2445E","B","0","","https://wireless.murata.com/.html",""
"RF3625E","RF3625E","B","0","","https://wireless.murata.com/.html",""
"RF3417E-1","rf3417e-1","B","0","","https://wireless.murata.com/.html",""
"SF2460H","SF2460H","B","0","","https://wireless.murata.com/.html",""
"Type ABZ-104","CMWX1ZZABZ-104","A","0","","https://wireless.murata.com/.html",""
"SF2472E","SF2472E","B","0","","https://wireless.murata.com/.html",""
"SF2248D","SF2248D","B","0","","https://wireless.murata.com/.html",""
"SF2464E","SF2464E","A","0","","https://wireless.murata.com/.html",""
"SF2471E","SF2471E","B","0","","https://wireless.murata.com/.html",""
